parasite	Parasite	2019	Bong Joon-ho	Thriller,Drama,Comedy	thriller,drama,new
everything-everywhere-all-at-once	Everything Everywhere All at Once	2022	Daniels	Sci-Fi,Comedy,Action	indie,scifi,comedy
oppenheimer	Oppenheimer	2023	Christopher Nolan	Drama,History,Biography	drama,new
moonlight	Moonlight	2016	Barry Jenkins	Drama,Romance	indie,drama,romance
12-years-a-slave	12 Years a Slave	2013	Steve McQueen	Drama,History,Biography	drama
the-godfather-part-ii	The Godfather Part II	1974	Francis Ford Coppola	Drama,Crime	crime,classics,drama
the-departed	The Departed	2006	Martin Scorsese	Crime,Thriller	crime,thriller
the-lord-of-the-rings-the-return-of-the-king	The Lord of the Rings: The Return of the King	2003	Peter Jackson	Adventure,Fantasy	fantasy
get-out	Get Out	2017	Jordan Peele	Horror,Thriller,Mystery	horror
mad-max-fury-road	Mad Max: Fury Road	2015	George Miller	Action,Sci-Fi	action,scifi,cult
dune-2021	Dune	2021	Denis Villeneuve	Sci-Fi,Adventure	scifi,action,new
dune-part-two	Dune: Part Two	2024	Denis Villeneuve	Sci-Fi,Adventure	scifi,action,new
spider-man-into-the-spider-verse	Spider-Man: Into the Spider-Verse	2018	Bob Persichetti, Peter Ramsey, Rodney Rothman	Animation,Action,Comedy	animation,action,family
spider-man-across-the-spider-verse	Spider-Man: Across the Spider-Verse	2023	Joaquim Dos Santos, Kemp Powers, Justin K. Thompson	Animation,Action	animation,action,family
the-grand-budapest-hotel	The Grand Budapest Hotel	2014	Wes Anderson	Comedy,Drama,Crime	indie,comedy
the-social-network	The Social Network	2010	David Fincher	Drama,Biography	drama
inglourious-basterds	Inglourious Basterds	2009	Quentin Tarantino	War,Action,Drama	war,action
kill-bill-vol-1	Kill Bill: Vol. 1	2003	Quentin Tarantino	Action,Crime	action,crime
django-unchained	Django Unchained	2012	Quentin Tarantino	Western,Drama,Action	western,action
lady-bird	Lady Bird	2017	Greta Gerwig	Comedy,Drama	indie,comedy,drama
la-la-land	La La Land	2016	Damien Chazelle	Romance,Musical,Comedy	musical,romance
hereditary	Hereditary	2018	Ari Aster	Horror,Drama	horror
midsommar	Midsommar	2019	Ari Aster	Horror,Drama	horror,indie
the-lighthouse	The Lighthouse	2019	Robert Eggers	Horror,Drama,Fantasy	fantasy,thriller
uncut-gems	Uncut Gems	2019	Josh Safdie, Benny Safdie	Crime,Thriller,Drama	crime,thriller,drama
portrait-of-a-lady-on-fire	Portrait of a Lady on Fire	2019	Céline Sciamma	Romance,Drama	romance,drama
in-the-mood-for-love	In the Mood for Love	2000	Wong Kar-wai	Romance,Drama	romance,drama
mulholland-drive	Mulholland Drive	2001	David Lynch	Mystery,Thriller,Drama	cult,thriller
shaun-of-the-dead	Shaun of the Dead	2004	Edgar Wright	Comedy,Horror	comedy,horror
hot-fuzz	Hot Fuzz	2007	Edgar Wright	Comedy,Action	comedy,action,crime
paddington-2	Paddington 2	2017	Paul King	Comedy,Family	family,comedy
coco-2017	Coco	2017	Lee Unkrich, Adrian Molina	Animation,Adventure,Family	animation,holiday,family
wall-e	WALL-E	2008	Andrew Stanton	Animation,Sci-Fi,Romance	animation,family,scifi
the-handmaiden	The Handmaiden	2016	Park Chan-wook	Thriller,Romance,Crime	thriller,romance,crime
memories-of-murder	Memories of Murder	2003	Bong Joon-ho	Crime,Thriller,Drama	crime,thriller,drama
drive-2011	Drive	2011	Nicolas Winding Refn	Crime,Drama,Action	cult,crime
john-wick	John Wick	2014	Chad Stahelski	Action,Thriller,Crime	action,thriller,crime
knives-out	Knives Out	2019	Rian Johnson	Mystery,Comedy,Crime	crime,comedy,thriller
barbie	Barbie	2023	Greta Gerwig	Comedy,Adventure,Fantasy	comedy,fantasy,new
top-gun-maverick	Top Gun: Maverick	2022	Joseph Kosinski	Action,Drama	action,drama,new
a-quiet-place	A Quiet Place	2018	John Krasinski	Horror,Sci-Fi,Thriller	horror,scifi,thriller
arrival-2016	Arrival	2016	Denis Villeneuve	Sci-Fi,Drama	scifi,drama
the-witch-2015	The Witch	2015	Robert Eggers	Horror,Drama	horror,drama
a-christmas-story	A Christmas Story	1983	Bob Clark	Comedy,Family,Holiday	holiday,family,comedy
the-notebook	The Notebook	2004	Nick Cassavetes	Romance,Drama	romance,drama
10-things-i-hate-about-you	10 Things I Hate About You	1999	Gil Junger	Comedy,Romance	comedy,romance
the-fellowship-of-the-ring	The Lord of the Rings: The Fellowship of the Ring	2001	Peter Jackson	Adventure,Fantasy	fantasy
harry-potter-and-the-sorcerers-stone	Harry Potter and the Sorcerer's Stone	2001	Chris Columbus	Adventure,Fantasy,Family	fantasy,family
shrek	Shrek	2001	Andrew Adamson, Vicky Jenson	Animation,Comedy,Fantasy	family,fantasy,animation
finding-nemo	Finding Nemo	2003	Andrew Stanton	Animation,Adventure,Comedy	animation,family,comedy
pirates-of-the-caribbean	Pirates of the Caribbean: The Curse of the Black Pearl	2003	Gore Verbinski	Adventure,Action,Comedy	action,comedy
batman-1989	Batman	1989	Tim Burton	Action,Fantasy,Crime	fantasy,action
the-lost-boys	The Lost Boys	1987	Joel Schumacher	Horror,Comedy	horror,comedy
heathers	Heathers	1988	Michael Lehmann	Comedy,Crime,Drama	cult,comedy
indiana-jones-and-the-last-crusade	Indiana Jones and the Last Crusade	1989	Steven Spielberg	Adventure,Action	action
beauty-and-the-beast-1991	Beauty and the Beast	1991	Gary Trousdale, Kirk Wise	Animation,Romance,Family	family,fantasy,animation
the-little-mermaid	The Little Mermaid	1989	Ron Clements, John Musker	Animation,Romance,Family	family,fantasy,animation
sleepless-in-seattle	Sleepless in Seattle	1993	Nora Ephron	Romance,Comedy	romance,comedy
ghost-1990	Ghost	1990	Jerry Zucker	Romance,Drama,Fantasy	fantasy,romance
amadeus	Amadeus	1984	Miloš Forman	Drama,Music,Biography	drama,classics
annie-hall	Annie Hall	1977	Woody Allen	Comedy,Romance,Drama	classics,comedy,romance
rain-man	Rain Man	1988	Barry Levinson	Drama	drama
the-hurt-locker	The Hurt Locker	2008	Kathryn Bigelow	War,Thriller,Drama	war
slumdog-millionaire	Slumdog Millionaire	2008	Danny Boyle	Drama,Romance,Crime	drama,romance,crime
the-shape-of-water	The Shape of Water	2017	Guillermo del Toro	Romance,Fantasy,Drama	fantasy,romance
nomadland	Nomadland	2020	Chloé Zhao	Drama	indie,drama
poor-things	Poor Things	2023	Yorgos Lanthimos	Comedy,Romance,Sci-Fi	indie,comedy,scifi
the-zone-of-interest	The Zone of Interest	2023	Jonathan Glazer	Drama,History,War	war,drama
past-lives	Past Lives	2023	Celine Song	Romance,Drama	indie,romance
aftersun	Aftersun	2022	Charlotte Wells	Drama	indie,drama
perfect-days	Perfect Days	2023	Wim Wenders	Drama	drama,new
drive-my-car	Drive My Car	2021	Ryusuke Hamaguchi	Drama	indie,drama
decision-to-leave	Decision to Leave	2022	Park Chan-wook	Romance,Thriller,Crime	romance,thriller,crime,new
nope	Nope	2022	Jordan Peele	Horror,Sci-Fi,Western	horror,scifi
the-menu	The Menu	2022	Mark Mylod	Horror,Comedy,Thriller	horror,comedy,thriller,new
godzilla-minus-one	Godzilla Minus One	2023	Takashi Yamazaki	Action,Sci-Fi,Drama	action,scifi,drama,new
talk-to-me-2022	Talk to Me	2022	Danny Philippou, Michael Philippou	Horror	horror,new
longlegs	Longlegs	2024	Osgood Perkins	Horror,Thriller,Crime	horror,thriller,indie
i-saw-the-tv-glow	I Saw the TV Glow	2024	Jane Schoenbrun	Horror,Drama,Fantasy	horror,new
anora	Anora	2024	Sean Baker	Comedy,Drama,Romance	indie,comedy,drama
the-substance	The Substance	2024	Coralie Fargeat	Horror,Sci-Fi,Comedy	horror,scifi,indie
nosferatu-2024	Nosferatu	2024	Robert Eggers	Horror,Fantasy	horror,fantasy,new
challengers	Challengers	2024	Luca Guadagnino	Drama,Romance,Sport	sports,romance,new
wicked-2024	Wicked	2024	Jon M. Chu	Musical,Fantasy,Romance	musical,fantasy,new
sinners-2025	Sinners	2025	Ryan Coogler	Horror,Drama,Musical	horror,thriller,new
superman-2025	Superman	2025	James Gunn	Action,Sci-Fi,Adventure	action,scifi,new
wicked-for-good	Wicked: For Good	2025	Jon M. Chu	Musical,Fantasy,Romance	musical,fantasy,new
zootopia-2	Zootopia 2	2025	Byron Howard, Jared Bush	Animation,Comedy,Family	animation,family,new
avatar-fire-and-ash	Avatar: Fire and Ash	2025	James Cameron	Sci-Fi,Adventure,Action	scifi,action,new
mickey-17	Mickey 17	2025	Bong Joon-ho	Sci-Fi,Comedy,Adventure	scifi,comedy,new
mission-impossible-the-final-reckoning	Mission: Impossible – The Final Reckoning	2025	Christopher McQuarrie	Action,Thriller	action,thriller,new
the-fantastic-four-first-steps	The Fantastic Four: First Steps	2025	Matt Shakman	Action,Sci-Fi,Adventure	action,scifi,new
jurassic-world-rebirth	Jurassic World Rebirth	2025	Gareth Edwards	Action,Sci-Fi,Adventure	scifi,action,new
how-to-train-your-dragon-2025	How to Train Your Dragon	2025	Dean DeBlois	Adventure,Fantasy,Family	fantasy,family,new
the-naked-gun-2025	The Naked Gun	2025	Akiva Schaffer	Comedy,Crime,Action	comedy,crime,action,new
predator-badlands	Predator: Badlands	2025	Dan Trachtenberg	Action,Sci-Fi,Horror	scifi,action,new
a-minecraft-movie	A Minecraft Movie	2025	Jared Hess	Adventure,Comedy,Family	family,fantasy,new
28-years-later	28 Years Later	2025	Danny Boyle	Horror,Sci-Fi,Thriller	horror,scifi,thriller
weapons-2025	Weapons	2025	Zach Cregger	Horror,Mystery,Thriller	horror,new
f1-2025	F1	2025	Joseph Kosinski	Action,Drama,Sport	sports,action,new
the-odyssey-2026	The Odyssey	2026	Christopher Nolan	Adventure,Action,Fantasy	fantasy,action,new
spider-man-brand-new-day	Spider-Man: Brand New Day	2026	Destin Daniel Cretton	Action,Adventure,Sci-Fi	action,scifi,new
toy-story-5	Toy Story 5	2026	Andrew Stanton	Animation,Comedy,Family	animation,family,new
project-hail-mary	Project Hail Mary	2026	Phil Lord, Christopher Miller	Sci-Fi,Adventure,Comedy	scifi,comedy,new
moana-2026	Moana	2026	Thomas Kail	Adventure,Fantasy,Family	family,fantasy,new
the-super-mario-galaxy-movie	The Super Mario Galaxy Movie	2026	Aaron Horvath, Michael Jelenic	Animation,Adventure,Comedy	family,fantasy,animation
dune-part-three	Dune: Part Three	2026	Denis Villeneuve	Sci-Fi,Adventure	coming
sunrise-on-the-reaping	The Hunger Games: Sunrise on the Reaping	2026	Francis Lawrence	Sci-Fi,Action,Adventure	coming
the-social-reckoning	The Social Reckoning	2026	Aaron Sorkin	Drama,Thriller	coming
clayface	Clayface	2026	James Watkins	Horror,Crime,Fantasy	coming
violent-night-2	Violent Night 2	2026	Tommy Wirkola	Action,Comedy,Fantasy	coming
focker-in-law	Focker-in-Law	2026	John Hamburg	Comedy,Romance	coming
remain-2027	Remain	2027	M. Night Shyamalan	Romance,Horror,Mystery,Thriller	coming
the-magicians-nephew	The Chronicles of Narnia: The Magician's Nephew	2027	Greta Gerwig	Fantasy,Adventure,Family	coming
star-wars-starfighter	Star Wars: Starfighter	2027	Shawn Levy	Sci-Fi,Adventure,Action	coming
beyond-the-spider-verse	Spider-Man: Beyond the Spider-Verse	2027	Bob Persichetti, Justin K. Thompson	Animation,Action,Adventure,Sci-Fi	coming
shrek-5	Shrek 5	2027	Walt Dohrn, Conrad Vernon	Animation,Comedy,Fantasy	coming
man-of-tomorrow	Man of Tomorrow	2027	James Gunn	Action,Sci-Fi,Adventure	coming
avengers-secret-wars	Avengers: Secret Wars	2027	Anthony Russo, Joe Russo	Sci-Fi,Action,Adventure	coming
hunt-for-gollum	The Lord of the Rings: The Hunt for Gollum	2027	Andy Serkis	Adventure,Fantasy	coming
gremlins-3	Gremlins 3	2027	Chris Columbus	Comedy,Horror,Fantasy	coming
frozen-3	Frozen 3	2027	Jennifer Lee	Animation,Family,Fantasy	coming
godzilla-x-kong-supernova	Godzilla x Kong: Supernova	2027	Grant Sputore	Sci-Fi,Action,Adventure	coming
the-legend-of-zelda-2027	The Legend of Zelda	2027	Wes Ball	Adventure,Fantasy,Action	coming
inside-out-2	Inside Out 2	2024	Kelsey Mann	Animation,Comedy,Family	animation,family,new
deadpool-and-wolverine	Deadpool & Wolverine	2024	Shawn Levy	Action,Comedy,Sci-Fi	action,comedy,scifi,new
moana-2	Moana 2	2024	David G. Derrick Jr.	Animation,Adventure,Family	family,fantasy,animation
twisters-2024	Twisters	2024	Lee Isaac Chung	Action,Adventure,Thriller	action,thriller,new
beetlejuice-beetlejuice	Beetlejuice Beetlejuice	2024	Tim Burton	Comedy,Fantasy,Horror	comedy,fantasy,new
alien-romulus	Alien: Romulus	2024	Fede Álvarez	Horror,Sci-Fi,Thriller	horror,scifi,new
the-wild-robot	The Wild Robot	2024	Chris Sanders	Animation,Sci-Fi,Family	animation,family,new
civil-war-2024	Civil War	2024	Alex Garland	Action,Drama,Thriller	war,thriller,new
furiosa	Furiosa: A Mad Max Saga	2024	George Miller	Action,Sci-Fi,Adventure	action,scifi,new
conclave-2024	Conclave	2024	Edward Berger	Drama,Thriller	drama,thriller,new
the-lion-king	The Lion King	1994	Allers & Minkoff	Animation,Family	animation,family
the-shawshank-redemption	The Shawshank Redemption	1994	Frank Darabont	Drama,Crime	crime,drama
jaws	Jaws	1975	Steven Spielberg	Horror,Thriller,Adventure	horror,thriller
the-shining	The Shining	1980	Stanley Kubrick	Horror	horror,classics
first-blood	First Blood	1982	Ted Kotcheff	Action,Thriller,War	action
halloween-1978	Halloween	1978	John Carpenter	Horror	horror,classics
blade-runner	Blade Runner	1982	Ridley Scott	Sci-Fi	scifi,classics
the-thing-1982	The Thing	1982	John Carpenter	Horror,Sci-Fi	horror,scifi
back-to-the-future	Back to the Future	1985	Robert Zemeckis	Sci-Fi,Comedy	scifi,comedy,family
pulp-fiction	Pulp Fiction	1994	Quentin Tarantino	Crime,Drama	crime,drama
goodfellas	Goodfellas	1990	Martin Scorsese	Crime,Drama	crime,drama
alien	Alien	1979	Ridley Scott	Sci-Fi,Horror	scifi,horror,classics
heat-1995	Heat	1995	Michael Mann	Crime,Drama	crime,drama
die-hard	Die Hard	1988	John McTiernan	Action,Thriller,Holiday	holiday,action
a-clockwork-orange	A Clockwork Orange	1971		Crime,Drama,Sci-Fi	cult,classics,scifi
after-hours	After Hours	1985		Comedy,Thriller	cult,comedy,thriller
akira	Akira	1988		Animation,Sci-Fi,Action	scifi,cult,animation
basket-case	Basket Case	1982		Horror,Comedy	horror,cult,comedy
beetlejuice	Beetlejuice	1988		Comedy,Fantasy,Horror	comedy,fantasy,holiday
big-fish	Big Fish	2003		Adventure,Drama,Fantasy	fantasy,drama
carrie-1976	Carrie	1976		Horror	horror
dawn-of-the-dead-1978	Dawn of the Dead	1978		Horror,Sci-Fi	horror,scifi
dazed-and-confused	Dazed and Confused	1993		Comedy,Drama	comedy,cult
doctor-sleep	Doctor Sleep	2019		Horror,Drama	horror,thriller
donnie-darko	Donnie Darko	2001		Fantasy,Drama,Mystery	fantasy,cult,drama
ed-wood	Ed Wood	1994		Comedy,Drama,Biography	comedy,cult,drama
edward-scissorhands	Edward Scissorhands	1990		Drama,Fantasy,Romance	fantasy,romance,drama
et	E.T. the Extra-Terrestrial	1982		Family,Sci-Fi,Adventure	family,scifi
evil-dead-2	Evil Dead 2	1987		Horror,Comedy	horror,comedy,cult
four-rooms	Four Rooms	1995		Comedy	comedy,cult
grease	Grease	1978		Musical,Romance,Comedy	musical,romance,comedy
hard-boiled	Hard Boiled	1992		Action,Crime,Thriller	action,crime,thriller
home-alone	Home Alone	1990		Comedy,Family,Holiday	holiday,family,comedy
labyrinth	Labyrinth	1986		Adventure,Family,Fantasy	fantasy,family
mad-max-2	Mad Max 2	1981		Action,Adventure,Sci-Fi	action,scifi,cult
manhunter	Manhunter	1986		Crime,Horror,Thriller	thriller,crime,horror
near-dark	Near Dark	1987		Horror,Action,Drama	horror,cult
night-of-the-comet	Night of the Comet	1984		Horror,Comedy,Sci-Fi	horror,scifi,cult
nightmare-on-elm-street	Nightmare on Elm Street	1984		Horror	horror
oldboy-2003	Oldboy	2003		Thriller,Action,Drama	cult,thriller
poltergeist	Poltergeist	1982		Horror,Thriller	horror
pretty-woman	Pretty Woman	1990		Comedy,Romance	romance,comedy
princess-mononoke	Princess Mononoke	1997		Animation,Adventure,Fantasy	animation,fantasy
psycho	Psycho	1960		Horror,Thriller,Mystery	horror,thriller,classics
rear-window	Rear Window	1954		Mystery,Thriller	thriller,classics,drama
repo-man	Repo Man	1984		Comedy,Sci-Fi	cult,scifi,comedy
rocky	Rocky	1976		Drama,Sport	sports,drama,classics
rosemarys-baby	Rosemarys Baby	1968		Horror,Drama	horror,thriller,classics
scarface-1983	Scarface	1983		Crime,Drama	crime
scream-1996	Scream	1996		Horror,Mystery	horror
society-1989	Society	1989		Drama	drama
speed-1994	Speed	1994		Action,Thriller	action,thriller
suspiria-1977	Suspiria	1977		Horror	horror
the-big-lebowski	The Big Lebowski	1998		Comedy,Crime	comedy,cult,crime
the-crow	The Crow	1994		Fantasy,Action,Thriller	fantasy,action,thriller
the-devils-advocate	The Devils Advocate	1997		Horror,Thriller,Drama	horror,thriller,drama
the-door-in-the-floor	The Door in the Floor	2004		Drama	drama
the-exorcist	The Exorcist	1973		Horror	horror,classics
the-fly-1986	The Fly	1986		Horror,Sci-Fi,Drama	horror,scifi
the-goonies	The Goonies	1985		Adventure,Comedy,Family	family,comedy
the-hurricane	The Hurricane	1999		Biography,Drama,Sport	drama,sports
the-karate-kid	The Karate Kid	1984		Action,Drama,Family,Sport	family,sports,action
the-rocky-horror-picture-show	The Rocky Horror Picture Show	1975		Comedy,Sci-Fi,Horror	horror,musical,cult
the-texas-chain-saw-massacre	The Texas Chain Saw Massacre	1974		Horror	horror,cult,classics
the-warriors	The Warriors	1979		Action,Thriller	action,cult,thriller
total-recall	Total Recall	1990		Action,Sci-Fi	scifi,action
tremors	Tremors	1990		Horror,Comedy,Sci-Fi	horror,comedy,scifi
vertigo	Vertigo	1958		Mystery,Romance,Thriller	thriller,romance,classics
dracula	Dracula	1931	Tod Browning	Horror	horror,classics
frankenstein	Frankenstein	1931	James Whale	Drama,Horror,Sci-Fi	horror,scifi,classics
the-invisible-man	The Invisible Man	1933	James Whale	Horror,Sci-Fi	horror,scifi,classics
bride-of-frankenstein	Bride of Frankenstein	1935	James Whale	Horror,Sci-Fi	horror,scifi,classics
the-wolf-man	The Wolf Man	1941	George Waggner	Horror,Drama	horror,classics,drama
cat-people	Cat People	1942	Jacques Tourneur	Mystery,Horror,Romance	horror,romance,classics
the-thing-from-another-world	The Thing from Another World	1951	Christian Nyby	Drama,Horror,Sci-Fi	horror,scifi,classics
creature-from-the-black-lagoon	Creature from the Black Lagoon	1954	Jack Arnold	Adventure,Horror,Sci-Fi	horror,scifi,classics
invasion-of-the-body-snatchers	Invasion of the Body Snatchers	1956	Don Siegel	Sci-Fi,Horror,Thriller	horror,scifi,thriller
the-blob	The Blob	1958	Irvin Yeaworth	Horror,Sci-Fi	horror,scifi,classics
black-sunday	Black Sunday	1960	Mario Bava	Horror	horror,classics
night-of-the-living-dead	Night of the Living Dead	1968	George A. Romero	Horror,Thriller,Sci-Fi	horror,scifi,thriller
blacula	Blacula	1972	William Crain	Horror,Fantasy	fantasy,horror,classics
the-last-house-on-the-left	The Last House on the Left	1972	Wes Craven	Horror,Crime	horror,crime,classics
the-wicker-man	The Wicker Man	1973	Robin Hardy	Horror	horror,classics
dont-look-now	Don't Look Now	1973	Nicolas Roeg	Thriller,Drama,Horror	horror,thriller,classics
black-christmas	Black Christmas	1974	Bob Clark	Horror,Holiday	holiday,horror
its-alive	It's Alive	1974	Larry Cohen	Horror,Sci-Fi	horror,scifi,classics
the-texas-chainsaw-massacre-2	The Texas Chainsaw Massacre 2	1986	Tobe Hooper	Horror,Comedy	horror,cult,comedy
deep-red	Deep Red	1975	Dario Argento	Horror	horror,cult
the-omen	The Omen	1976	Richard Donner	Horror	horror,thriller
the-hills-have-eyes	The Hills Have Eyes	1977	Wes Craven	Horror	horror
house	House	1977	Nobuhiko Obayashi	Comedy,Fantasy,Horror	fantasy,horror,comedy
invasion-of-the-body-snatchers-1978	Invasion of the Body Snatchers	1978	Philip Kaufman	Sci-Fi,Horror	horror,scifi
piranha	Piranha	1978	Joe Dante	Horror,Sci-Fi,Comedy	horror,scifi,comedy
the-amityville-horror	The Amityville Horror	1979	Stuart Rosenberg	Horror	horror
phantasm	Phantasm	1979	Don Coscarelli	Horror,Sci-Fi	horror,scifi
nosferatu-the-vampyre	Nosferatu the Vampyre	1979	Werner Herzog	Horror	horror,drama
zombi-2	Zombi 2	1979	Lucio Fulci	Horror	horror
friday-the-13th	Friday the 13th	1980	Sean S. Cunningham	Horror	horror
the-fog	The Fog	1980	John Carpenter	Horror	horror
prom-night	Prom Night	1980	Paul Lynch	Horror	horror
an-american-werewolf-in-london	An American Werewolf in London	1981	John Landis	Comedy,Horror,Fantasy	fantasy,horror,comedy
the-howling	The Howling	1981	Joe Dante	Horror	horror
the-evil-dead	The Evil Dead	1981	Sam Raimi	Horror	horror
halloween-ii	Halloween II	1981	Rick Rosenthal	Horror	horror,thriller
friday-the-13th-part-2	Friday the 13th Part 2	1981	Steve Miner	Horror	horror
scanners	Scanners	1981	David Cronenberg	Horror	horror,scifi,cult
halloween-iii-season-of-the-witch	Halloween III Season of the Witch	1982	Tommy Lee Wallace	Horror,Sci-Fi,Mystery,Thriller	horror,scifi,thriller
creepshow	Creepshow	1982	George A. Romero	Horror	horror,comedy
cat-people-1982	Cat People	1982	Paul Schrader	Fantasy,Horror	fantasy,horror
videodrome	Videodrome	1983	David Cronenberg	Horror	horror,scifi,cult
the-dead-zone	The Dead Zone	1983	David Cronenberg	Thriller,Horror,Sci-Fi	horror,scifi,thriller
christine	Christine	1983	John Carpenter	Horror	horror
cujo	Cujo	1983	Lewis Teague	Horror	horror,drama
psycho-ii	Psycho II	1983	Richard Franklin	Horror	horror,thriller
sleepaway-camp	Sleepaway Camp	1983	Robert Hiltzik	Horror	horror
gremlins-1984	Gremlins	1984	Joe Dante	Comedy,Horror,Holiday	holiday,horror,comedy
fright-night	Fright Night	1985	Tom Holland	Horror	horror,comedy
re-animator	Re-Animator	1985	Stuart Gordon	Sci-Fi,Comedy,Horror	horror,scifi,comedy
day-of-the-dead	Day of the Dead	1985	George A. Romero	Horror	horror,drama
the-return-of-the-living-dead	The Return of the Living Dead	1985	Dan O'Bannon	Comedy,Horror,Sci-Fi	horror,scifi,comedy
aliens-1986	Aliens	1986	James Cameron	Horror,Sci-Fi,Action	scifi,action,thriller
hellraiser	Hellraiser	1987	Clive Barker	Horror	horror,thriller
prince-of-darkness	Prince of Darkness	1987	John Carpenter	Horror	horror
the-monster-squad	The Monster Squad	1987	Fred Dekker	Comedy,Action,Fantasy	fantasy,action,comedy
childs-play	Child's Play	1988	Tom Holland	Horror	horror
hellbound-hellraiser-ii	Hellbound Hellraiser II	1988	Tony Randel	Horror	horror,thriller
pet-sematary	Pet Sematary	1989	Mary Lambert	Horror	horror
a-nightmare-on-elm-street-5-the-dream-child	A Nightmare on Elm Street 5 The Dream Child	1989	Stephen Hopkins	Horror	horror,thriller
misery	Misery	1990	Rob Reiner	Drama,Thriller	thriller,drama
the-exorcist-iii	The Exorcist III	1990	William Peter Blatty	Horror	horror
night-of-the-living-dead-1990	Night of the Living Dead	1990	Tom Savini	Horror	horror
the-people-under-the-stairs	The People Under the Stairs	1991	Wes Craven	Horror	horror,comedy
candyman	Candyman	1992	Bernard Rose	Horror	horror,cult
army-of-darkness	Army of Darkness	1992	Sam Raimi	Fantasy,Horror,Comedy	fantasy,horror,comedy
bram-stokers-dracula	Bram Stoker's Dracula	1992	Francis Ford Coppola	Horror	horror,romance
wes-cravens-new-nightmare	Wes Craven's New Nightmare	1994	Wes Craven	Horror,Mystery,Fantasy	fantasy,horror
in-the-mouth-of-madness	In the Mouth of Madness	1994	John Carpenter	Horror,Mystery,Drama,Thriller,Fantasy	fantasy,horror,thriller
from-dusk-till-dawn	From Dusk Till Dawn	1996	Robert Rodriguez	Horror	horror,cult
scream-2	Scream 2	1997	Wes Craven	Horror	horror
ringu	Ringu	1998	Hideo Nakata	Horror	horror
bride-of-chucky	Bride of Chucky	1998	Ronny Yu	Horror	horror,comedy
the-blair-witch-project	The Blair Witch Project	1999	Daniel Myrick	Horror	horror
the-sixth-sense-1999	The Sixth Sense	1999	M. Night Shyamalan	Mystery,Thriller,Drama	thriller,drama
audition	Audition	1999	Takashi Miike	Horror	horror,cult
final-destination	Final Destination	2000	James Wong	Horror	horror
the-others	The Others	2001	Alejandro Amenabar	Horror	horror,thriller
pulse	Pulse	2001	Kiyoshi Kurosawa	Horror	horror,thriller
the-ring	The Ring	2002	Gore Verbinski	Horror	horror
28-days-later	28 Days Later	2002	Danny Boyle	Horror,Sci-Fi,Thriller	horror,scifi
signs	Signs	2002	M. Night Shyamalan	Thriller,Sci-Fi,Horror	horror,scifi,thriller
dawn-of-the-dead	Dawn of the Dead	2004	Zack Snyder	Horror,Sci-Fi,Action	horror,scifi,action
saw	Saw	2004	James Wan	Horror	horror,crime
the-grudge	The Grudge	2004	Takashi Shimizu	Horror	horror,thriller
the-descent	The Descent	2005	Neil Marshall	Horror	horror
saw-ii	Saw II	2005	James Wan	Horror	horror
28-weeks-later	28 Weeks Later	2007	Juan Carlos Fresnadillo	Horror,Thriller,Sci-Fi	horror,scifi,thriller
the-orphanage	The Orphanage	2007	J.A. Bayona	Horror,Drama,Thriller	horror,thriller,drama
rec	REC	2007	Jaume Balaguero	Horror	horror
the-mist	The Mist	2007	Frank Darabont	Horror,Sci-Fi,Thriller	horror,scifi,thriller
let-the-right-one-in	Let the Right One In	2008	Tomas Alfredson	Horror	horror,drama
the-strangers	The Strangers	2008	Bryan Bertino	Horror	horror
drag-me-to-hell	Drag Me to Hell	2009	Sam Raimi	Horror	horror,thriller
paranormal-activity	Paranormal Activity	2009	Oren Peli	Horror	horror
insidious	Insidious	2010	James Wan	Horror	horror,thriller
let-me-in	Let Me In	2010	Matt Reeves	Horror	horror,drama
the-cabin-in-the-woods	The Cabin in the Woods	2011	Drew Goddard	Horror	horror,comedy
sinister	Sinister	2012	Scott Derrickson	Horror	horror,thriller
the-conjuring	The Conjuring	2013	James Wan	Horror	horror,thriller
evil-dead	Evil Dead	2013	Fede Alvarez	Horror	horror
mama	Mama	2013	Andy Muschietti	Horror	horror
it-follows	It Follows	2014	David Robert Mitchell	Horror	horror
the-babadook	The Babadook	2014	Jennifer Kent	Horror	horror,drama
the-guest	The Guest	2014	Adam Wingard	Mystery,Thriller,Action	action,thriller
the-conjuring-2	The Conjuring 2	2016	James Wan	Horror	horror
train-to-busan	Train to Busan	2016	Yeon Sang-ho	Action,Horror,Thriller,Adventure	horror,action,thriller
the-wailing	The Wailing	2016	Na Hong-jin	Horror	horror
raw	Raw	2016	Julia Ducournau	Horror	horror,drama
the-witch	The Witch	2016	Robert Eggers	Horror,Fantasy,Mystery	fantasy,horror
it	It	2017	Andy Muschietti	Horror,Thriller,Drama	horror,thriller,drama
annabelle-creation	Annabelle Creation	2017	David F. Sandberg	Horror	horror
suspiria	Suspiria	2018	Luca Guadagnino	Horror	horror,drama
the-nun	The Nun	2018	Corin Hardy	Horror	horror
us	Us	2019	Jordan Peele	Horror	horror
it-chapter-two	It Chapter Two	2019	Andy Muschietti	Horror,Thriller,Drama	horror,thriller,drama
ready-or-not	Ready or Not	2019	Matt Bettinelli-Olpin	Horror	horror,comedy
the-invisible-man-2020	The Invisible Man	2020	Leigh Whannell	Thriller,Sci-Fi,Horror	horror,scifi,thriller
saint-maud	Saint Maud	2020	Rose Glass	Horror	horror,thriller
malignant	Malignant	2021	James Wan	Horror	horror
the-black-phone	The Black Phone	2021	Scott Derrickson	Horror	horror,thriller
candyman-2021	Candyman	2021	Nia DaCosta	Horror	horror,thriller
the-night-house	The Night House	2021	David Bruckner	Horror	horror
barbarian	Barbarian	2022	Zach Cregger	Horror	horror,indie
smile	Smile	2022	Parker Finn	Horror	horror
x	X	2022	Ti West	Horror	horror
pearl	Pearl	2022	Ti West	Horror	horror,drama
m3gan	M3GAN	2022	Gerard Johnstone	Sci-Fi,Horror	horror,scifi
scream	Scream	2022	Matt Bettinelli-Olpin	Horror	horror
evil-dead-rise	Evil Dead Rise	2023	Lee Cronin	Horror	horror,thriller
talk-to-me	Talk to Me	2023	Danny Philippou	Horror	horror
the-nun-ii	The Nun II	2023	Michael Chaves	Horror	horror
maxxxine	MaXXXine	2024	Ti West	Horror	horror,new
smile-2	Smile 2	2024	Parker Finn	Horror	horror,new
terrifier-3	Terrifier 3	2024	Damien Leone	Horror	horror,new
the-first-omen	The First Omen	2024	Arkasha Stevenson	Horror	horror,new
immaculate	Immaculate	2024	Michael Mohan	Horror,Mystery,Thriller	horror,thriller,new
abigail	Abigail	2024	Matt Bettinelli-Olpin	Horror,Thriller,Comedy	horror,comedy,thriller
oddity	Oddity	2024	Damian McCarthy	Horror	horror,new
late-night-with-the-devil	Late Night with the Devil	2024	Colin Cairnes	Horror	horror,new
heretic	Heretic	2024	Scott Beck	Thriller,Horror	horror,thriller,new
a-quiet-place-day-one	A Quiet Place Day One	2024	Michael Sarnoski	Horror,Sci-Fi,Thriller	horror,scifi,thriller
speak-no-evil	Speak No Evil	2024	James Watkins	Horror,Thriller	horror,thriller,new
strange-darling	Strange Darling	2024	JT Mollner	Crime,Thriller,Horror	horror,crime,thriller
cuckoo	Cuckoo	2024	Tilman Singer	Horror,Mystery,Thriller	horror,thriller,new
in-a-violent-nature	In a Violent Nature	2024	Chris Nash	Horror,Thriller	horror,thriller,new
trap	Trap	2024	M. Night Shyamalan	Crime,Horror,Thriller,Music	horror,crime,thriller
wolf-man	Wolf Man	2025	Leigh Whannell	Horror,Thriller	horror,thriller,new
the-monkey	The Monkey	2025	Osgood Perkins	Horror,Comedy	horror,comedy,new
companion	Companion	2025	Drew Hancock	Horror,Sci-Fi,Thriller	horror,scifi,thriller
final-destination-bloodlines	Final Destination Bloodlines	2025	Zach Lipovsky	Horror	horror,new
bring-her-back	Bring Her Back	2025	Danny Philippou	Horror	horror,new
heart-eyes	Heart Eyes	2025	Josh Ruben	Horror,Romance,Comedy	horror,comedy,romance
m3gan-2-0	M3GAN 2.0	2025	Gerard Johnstone	Action,Sci-Fi,Thriller	scifi,action,thriller
until-dawn	Until Dawn	2025	David F. Sandberg	Horror	horror,new
shadow-of-a-doubt	Shadow of a Doubt	1943	Alfred Hitchcock	Thriller,Mystery,Crime	crime,thriller,classics
double-indemnity	Double Indemnity	1944	Billy Wilder	Crime,Thriller,Film-Noir	classics,crime
laura	Laura	1944	Otto Preminger	Thriller	classics,thriller
notorious	Notorious	1946	Alfred Hitchcock	Thriller	classics,thriller
strangers-on-a-train	Strangers on a Train	1951	Alfred Hitchcock	Crime,Thriller,Drama	crime,thriller,classics
the-night-of-the-hunter	The Night of the Hunter	1955	Charles Laughton	Crime,Drama,Thriller	crime,thriller,classics
kiss-me-deadly	Kiss Me Deadly	1955	Robert Aldrich	Mystery,Thriller,Crime	crime,thriller,classics
touch-of-evil	Touch of Evil	1958	Orson Welles	Crime,Thriller,Film-Noir	classics,crime
the-manchurian-candidate	The Manchurian Candidate	1962	John Frankenheimer	Thriller,Drama	thriller,classics,drama
bonnie-and-clyde	Bonnie and Clyde	1967	Arthur Penn	Crime,Drama,Action	classics,crime
klute	Klute	1971	Alan J. Pakula	Thriller,Crime,Drama	crime,thriller,classics
dirty-harry	Dirty Harry	1971	Don Siegel	Action,Crime,Thriller	action,crime,thriller
the-french-connection	The French Connection	1971	William Friedkin	Action,Crime,Thriller	action,crime,thriller
frenzy	Frenzy	1972	Alfred Hitchcock	Crime,Thriller,Horror	horror,crime,thriller
the-conversation	The Conversation	1974	Francis Ford Coppola	Crime,Drama,Mystery	crime,classics,drama
the-parallax-view	The Parallax View	1974	Alan J. Pakula	Crime,Drama,Thriller	crime,thriller,classics
the-taking-of-pelham-one-two-three	The Taking of Pelham One Two Three	1974	Joseph Sargent	Crime,Thriller,Action,Comedy	action,comedy,crime
three-days-of-the-condor	Three Days of the Condor	1975	Sydney Pollack	Thriller	thriller
network	Network	1976	Sidney Lumet	Drama,Comedy	classics,drama
all-the-presidents-men	All the President's Men	1976	Alan J. Pakula	Thriller	thriller,drama
marathon-man	Marathon Man	1976	John Schlesinger	Thriller,Crime,Drama	crime,thriller,drama
taxi-driver-1976	Taxi Driver	1976	Martin Scorsese	Thriller	classics,thriller
dressed-to-kill	Dressed to Kill	1980	Brian De Palma	Thriller,Mystery,Horror	horror,thriller
blow-out	Blow Out	1981	Brian De Palma	Thriller	crime,thriller
body-heat	Body Heat	1981	Lawrence Kasdan	Crime,Thriller,Romance	crime,thriller
lethal-weapon-1985	Lethal Weapon	1985	Richard Donner	Action,Comedy,Crime	action
fatal-attraction	Fatal Attraction	1987	Adrian Lyne	Thriller,Drama,Romance	romance,thriller,drama
full-metal-jacket-1987	Full Metal Jacket	1987	Stanley Kubrick	War,Drama	war
midnight-run	Midnight Run	1988	Martin Brest	Comedy,Crime,Thriller	comedy,crime,thriller
the-silence-of-the-lambs	The Silence of the Lambs	1991	Jonathan Demme	Crime,Thriller,Drama	crime,thriller,drama
basic-instinct	Basic Instinct	1992	Paul Verhoeven	Thriller	thriller
se7en-1995	Se7en	1995	David Fincher	Thriller	crime,thriller
the-usual-suspects-1995	The Usual Suspects	1995	Bryan Singer	Drama,Crime,Thriller	crime,thriller,drama
fargo-1996	Fargo	1996	Joel Coen	Crime,Drama,Thriller	crime,thriller,drama
l-a-confidential	L.A. Confidential	1997	Curtis Hanson	Crime,Drama,Mystery	crime,thriller
the-game	The Game	1997	David Fincher	Thriller	thriller,drama
out-of-sight	Out of Sight	1998	Steven Soderbergh	Romance,Comedy,Crime	comedy,crime,romance
lock-stock-and-two-smoking-barrels	Lock Stock and Two Smoking Barrels	1998	Guy Ritchie	Comedy,Crime	comedy,crime
fight-club-1999	Fight Club	1999	David Fincher	Thriller	thriller,drama
the-matrix-1999	The Matrix	1999	Andy Wachowski	Sci-Fi,Action	scifi,action
memento	Memento	2000	Christopher Nolan	Thriller	thriller
american-psycho	American Psycho	2000	Mary Harron	Horror,Thriller	crime,thriller
snatch	Snatch	2000	Guy Ritchie	Crime,Comedy	comedy,crime
requiem-for-a-dream	Requiem for a Dream	2000	Darren Aronofsky	Crime,Drama	crime,drama
oceans-eleven	Ocean's Eleven	2001	Steven Soderbergh	Thriller	crime,thriller
minority-report	Minority Report	2002	Steven Spielberg	Sci-Fi,Thriller,Action	scifi,thriller
insomnia	Insomnia	2002	Christopher Nolan	Thriller,Crime,Drama	crime,thriller,drama
collateral	Collateral	2004	Michael Mann	Drama,Crime,Thriller	crime,thriller,drama
the-machinist	The Machinist	2004	Brad Anderson	Thriller	thriller,drama
a-history-of-violence	A History of Violence	2005	David Cronenberg	Drama,Thriller,Crime	crime,thriller,drama
the-prestige	The Prestige	2006	Christopher Nolan	Drama,Mystery,Sci-Fi	scifi,drama
inside-man	Inside Man	2006	Spike Lee	Crime,Drama,Thriller	crime,thriller,drama
children-of-men-2006	Children of Men	2006	Alfonso Cuaron	Sci-Fi,Thriller,Drama	scifi,thriller
zodiac-2007	Zodiac	2007	David Fincher	Thriller	crime,thriller
the-bourne-ultimatum	The Bourne Ultimatum	2007	Paul Greengrass	Action,Thriller	action,thriller
michael-clayton	Michael Clayton	2007	Tony Gilroy	Drama,Thriller,Crime	crime,thriller,drama
eastern-promises	Eastern Promises	2007	David Cronenberg	Thriller	crime,thriller
the-dark-knight-2008	The Dark Knight	2008	Christopher Nolan	Action,Thriller,Crime	action,crime,thriller
district-9	District 9	2009	Neill Blomkamp	Sci-Fi,Action,Thriller	scifi,action
shutter-island	Shutter Island	2010	Martin Scorsese	Thriller	thriller,drama
inception-2010	Inception	2010	Christopher Nolan	Sci-Fi,Thriller,Action	scifi,thriller
the-girl-with-the-dragon-tattoo	The Girl with the Dragon Tattoo	2011	David Fincher	Thriller	crime,thriller
looper	Looper	2012	Rian Johnson	Sci-Fi,Thriller,Action	scifi,thriller
prisoners	Prisoners	2013	Denis Villeneuve	Drama,Thriller,Crime	crime,thriller,drama
enemy	Enemy	2013	Denis Villeneuve	Thriller	thriller
gone-girl	Gone Girl	2014	David Fincher	Thriller	thriller,drama
nightcrawler	Nightcrawler	2014	Dan Gilroy	Crime,Drama,Thriller	crime,thriller,drama
birdman	Birdman	2014	Alejandro G. Inarritu	Drama,Comedy	comedy,drama
hell-or-high-water	Hell or High Water	2014	David Mackenzie	Crime,Drama,Western	western,crime
sicario	Sicario	2015	Denis Villeneuve	Action,Crime,Thriller	action,crime,thriller
baby-driver	Baby Driver	2017	Edgar Wright	Action,Crime	action,crime
widows	Widows	2018	Steve McQueen	Drama,Crime,Thriller	crime,thriller,drama
tenet	Tenet	2020	Christopher Nolan	Action,Thriller,Sci-Fi	scifi,action,thriller
love-lies-bleeding	Love Lies Bleeding	2024	Rose Glass	Crime,Romance,Thriller	crime,romance,thriller
the-gorge	The Gorge	2025	Scott Derrickson	Romance,Sci-Fi,Thriller	scifi,romance,thriller
drop	Drop	2025	Christopher Landon	Thriller	thriller,new
metropolis	Metropolis	1927	Fritz Lang	Sci-Fi	classics,scifi
the-day-the-earth-stood-still	The Day the Earth Stood Still	1951	Robert Wise	Sci-Fi,Thriller,Drama	scifi,thriller,classics
the-war-of-the-worlds	The War of the Worlds	1953	Byron Haskin	Sci-Fi,Action	scifi,action,classics
them	Them!	1954	Gordon Douglas	Sci-Fi,Horror	horror,scifi,classics
forbidden-planet	Forbidden Planet	1956	Fred M. Wilcox	Sci-Fi	scifi,classics
2001-a-space-odyssey-1968	2001 A Space Odyssey	1968	Stanley Kubrick	Sci-Fi	classics,scifi
planet-of-the-apes	Planet of the Apes	1968	Franklin J. Schaffner	Sci-Fi,Adventure,Drama,Action	scifi,action,classics
solaris	Solaris	1972	Andrei Tarkovsky	Drama,Sci-Fi,Mystery	scifi,classics,drama
westworld	Westworld	1973	Michael Crichton	Adventure,Sci-Fi,Western	scifi,western,classics
soylent-green	Soylent Green	1973	Richard Fleischer	Sci-Fi,Crime,Mystery	scifi,crime,classics
star-wars-1977	Star Wars	1977	George Lucas	Sci-Fi,Adventure,Action	scifi,action
close-encounters-of-the-third-kind	Close Encounters of the Third Kind	1977	Steven Spielberg	Sci-Fi	scifi,drama
the-empire-strikes-back	The Empire Strikes Back	1980	Irvin Kershner	Sci-Fi,Adventure,Action	scifi,action
tron	Tron	1982	Steven Lisberger	Sci-Fi	scifi,action
return-of-the-jedi	Return of the Jedi	1983	Richard Marquand	Sci-Fi,Adventure,Action	scifi,action
the-terminator-1984	The Terminator	1984	James Cameron	Action,Thriller,Sci-Fi	scifi,action,thriller
the-last-starfighter	The Last Starfighter	1984	Nick Castle	Sci-Fi	scifi,action
starman	Starman	1984	John Carpenter	Sci-Fi,Drama,Romance	scifi,romance,drama
dune	Dune	1984	David Lynch	Sci-Fi	scifi,action
robocop-1987	RoboCop	1987	Paul Verhoeven	Sci-Fi,Action	scifi,action
the-abyss	The Abyss	1989	James Cameron	Sci-Fi	scifi,thriller
terminator-2-judgment-day	Terminator 2 Judgment Day	1991	James Cameron	Sci-Fi,Action	scifi,action
jurassic-park-1993	Jurassic Park	1993	Steven Spielberg	Sci-Fi	scifi
12-monkeys	12 Monkeys	1995	Terry Gilliam	Sci-Fi	scifi,thriller
independence-day	Independence Day	1996	Roland Emmerich	Sci-Fi	scifi,action
starship-troopers	Starship Troopers	1997	Paul Verhoeven	Adventure,Action,Thriller,Sci-Fi	scifi,action,thriller
gattaca	Gattaca	1997	Andrew Niccol	Sci-Fi	scifi,drama
the-fifth-element-1997	The Fifth Element	1997	Luc Besson	Sci-Fi	scifi,action
contact	Contact	1997	Robert Zemeckis	Sci-Fi	scifi,drama
galaxy-quest	Galaxy Quest	1999	Dean Parisot	Sci-Fi	scifi,comedy
a-i-artificial-intelligence	A.I. Artificial Intelligence	2001	Steven Spielberg	Sci-Fi	scifi,drama
eternal-sunshine-of-the-spotless-mind-2004	Eternal Sunshine of the Spotless Mind	2004	Michael Gondry	Sci-Fi,Romance,Drama	scifi,romance
star-wars-episode-iii-revenge-of-the-sith	Star Wars Episode III Revenge of the Sith	2005	George Lucas	Sci-Fi	scifi,action
avatar	Avatar	2009	James Cameron	Sci-Fi	scifi,action
star-trek	Star Trek	2009	J.J. Abrams	Sci-Fi	scifi,action
prometheus	Prometheus	2012	Ridley Scott	Sci-Fi,Horror,Adventure	scifi,horror
pacific-rim	Pacific Rim	2013	Guillermo del Toro	Sci-Fi	scifi,action
gravity	Gravity	2013	Alfonso Cuaron	Sci-Fi,Thriller,Drama	scifi,thriller,drama
interstellar-2014	Interstellar	2014	Christopher Nolan	Sci-Fi	scifi,drama
edge-of-tomorrow	Edge of Tomorrow	2014	Doug Liman	Sci-Fi	scifi,action
godzilla	Godzilla	2014	Gareth Edwards	Action,Drama,Sci-Fi	scifi,action,drama
the-martian	The Martian	2015	Ridley Scott	Sci-Fi	scifi,drama
star-wars-the-force-awakens	Star Wars The Force Awakens	2015	J.J. Abrams	Sci-Fi	scifi,action
ex-machina-2015	Ex Machina	2015	Alex Garland	Sci-Fi,Thriller	scifi,thriller
rogue-one	Rogue One	2016	Gareth Edwards	Sci-Fi	scifi,action
blade-runner-2049	Blade Runner 2049	2017	Denis Villeneuve	Sci-Fi	scifi,drama
war-for-the-planet-of-the-apes	War for the Planet of the Apes	2017	Matt Reeves	Drama,Sci-Fi,War	scifi,war,drama
annihilation	Annihilation	2018	Alex Garland	Sci-Fi,Horror,Adventure	scifi,horror
upgrade	Upgrade	2018	Leigh Whannell	Action,Thriller,Sci-Fi	scifi,action,thriller
the-batman	The Batman	2022	Matt Reeves	Crime,Mystery,Thriller	crime,thriller
prey	Prey	2022	Dan Trachtenberg	Thriller,Action,Sci-Fi	scifi,action,thriller
avatar-the-way-of-water	Avatar The Way of Water	2022	James Cameron	Sci-Fi	scifi,action
kingdom-of-the-planet-of-the-apes	Kingdom of the Planet of the Apes	2024	Wes Ball	Sci-Fi,Adventure,Action	scifi,action,new
godzilla-x-kong-the-new-empire	Godzilla x Kong The New Empire	2024	Adam Wingard	Action,Adventure,Sci-Fi	scifi,action,new
the-getaway	The Getaway	1972	Sam Peckinpah	Action,Crime,Drama,Thriller	action,crime,thriller
enter-the-dragon	Enter the Dragon	1973	Robert Clouse	Action	action,classics
death-wish	Death Wish	1974	Michael Winner	Crime,Drama,Action	action,crime,classics
the-towering-inferno	The Towering Inferno	1974	John Guillermin	Action,Drama,Thriller	action,thriller,classics
the-outlaw-josey-wales	The Outlaw Josey Wales	1976	Clint Eastwood	Western	western
king-kong	King Kong	1976	John Guillermin	Adventure,Horror	horror
smokey-and-the-bandit	Smokey and the Bandit	1977	Hal Needham	Action	action,comedy
superman	Superman	1978	Richard Donner	Sci-Fi,Action,Adventure	scifi,action
mad-max	Mad Max	1979	George Miller	Action,Thriller,Sci-Fi	scifi,action,thriller
raiders-of-the-lost-ark-1981	Raiders of the Lost Ark	1981	Steven Spielberg	Action	action
escape-from-new-york	Escape from New York	1981	John Carpenter	Action,Thriller,Sci-Fi	scifi,action,thriller
conan-the-barbarian	Conan the Barbarian	1982	John Milius	Action,Adventure,Fantasy	fantasy,action
star-trek-ii-the-wrath-of-khan	Star Trek II The Wrath of Khan	1982	Nicholas Meyer	Sci-Fi,Action,Adventure	scifi,action
blue-thunder	Blue Thunder	1983	John Badham	Drama,Action,Thriller	action,thriller,drama
indiana-jones-and-the-temple-of-doom	Indiana Jones and the Temple of Doom	1984	Steven Spielberg	Action	action
red-dawn	Red Dawn	1984	John Milius	Thriller,War,Drama	war,thriller,drama
rambo-first-blood-part-ii	Rambo First Blood Part II	1985	George P. Cosmatos	Action,Adventure,Thriller,War	war,action,thriller
commando	Commando	1985	Mark L. Lester	Action	action,thriller
rocky-iv	Rocky IV	1985	Sylvester Stallone	Drama,Sport,Action	sports,action
top-gun-1986	Top Gun	1986	Tony Scott	Action,Drama,Romance	action,romance,drama
big-trouble-in-little-china	Big Trouble in Little China	1986	John Carpenter	Action,Comedy,Fantasy	cult,action,fantasy
highlander	Highlander	1986	Russell Mulcahy	Adventure,Action,Fantasy	fantasy,action
predator-1987	Predator	1987	John McTiernan	Action,Sci-Fi,Horror	scifi,action
lethal-weapon-1987	Lethal Weapon	1987	Richard Donner	Action,Thriller,Crime	action,crime,thriller
lethal-weapon-2	Lethal Weapon 2	1989	Richard Donner	Action,Thriller,Crime	action,crime,thriller
road-house	Road House	1989	Rowdy Herrington	Action	action,thriller
die-hard-2	Die Hard 2	1990	Renny Harlin	Action,Holiday	action,holiday
the-hunt-for-red-october	The Hunt for Red October	1990	John McTiernan	Action	action,thriller
robin-hood-prince-of-thieves	Robin Hood Prince of Thieves	1991	Kevin Reynolds	Action	action,drama
point-break-1991	Point Break	1991	Kathryn Bigelow	Action,Thriller,Crime	action,crime,thriller
lethal-weapon-3	Lethal Weapon 3	1992	Richard Donner	Action,Thriller,Crime	action,crime,thriller
the-fugitive	The Fugitive	1993	Andrew Davis	Action,Thriller,Drama	action,thriller,drama
hard-target	Hard Target	1993	John Woo	Action,Thriller,Crime	action,crime,thriller
true-lies	True Lies	1994	James Cameron	Action	action,thriller
leon-the-professional	Leon The Professional	1994	Luc Besson	Crime,Drama,Action	action,crime,drama
die-hard-with-a-vengeance	Die Hard with a Vengeance	1995	John McTiernan	Action	action,thriller
goldeneye	GoldenEye	1995	Martin Campbell	Action	action,thriller
the-rock	The Rock	1996	Michael Bay	Action	action,thriller
broken-arrow	Broken Arrow	1996	John Woo	Action	action,thriller
mission-impossible	Mission Impossible	1996	Brian De Palma	Action	action,thriller
face-off	Face Off	1997	John Woo	Action,Crime,Sci-Fi	scifi,action,crime
con-air	Con Air	1997	Simon West	Action,Thriller,Crime	action,crime,thriller
air-force-one	Air Force One	1997	Wolfgang Petersen	Action	action,thriller
the-lost-world-jurassic-park	The Lost World Jurassic Park	1997	Steven Spielberg	Adventure,Action,Sci-Fi	scifi,action
armageddon	Armageddon	1998	Michael Bay	Action,Sci-Fi,Adventure	scifi,action
the-thomas-crown-affair	The Thomas Crown Affair	1999	John McTiernan	Drama,Crime,Romance	crime,romance,drama
mission-impossible-2	Mission Impossible 2	2000	John Woo	Action	action,thriller
gladiator	Gladiator	2000	Ridley Scott	Action,Drama,War	action
x-men	X-Men	2000	Bryan Singer	Adventure,Action,Sci-Fi	scifi,action
training-day	Training Day	2001	Antoine Fuqua	Action,Crime,Drama	action,crime,drama
black-hawk-down	Black Hawk Down	2001	Ridley Scott	War,Action,Drama	war,action
the-fast-and-the-furious	The Fast and the Furious	2001	Rob Cohen	Action,Crime,Thriller	action,crime,thriller
spider-man	Spider-Man	2002	Sam Raimi	Action,Sci-Fi	scifi,action
the-lord-of-the-rings-the-two-towers	The Lord of the Rings The Two Towers	2002	Peter Jackson	Adventure,Fantasy,Action	fantasy
the-bourne-identity	The Bourne Identity	2002	Doug Liman	Action	action,thriller
x2	X2	2003	Bryan Singer	Adventure,Action,Sci-Fi	scifi,action
the-matrix-reloaded	The Matrix Reloaded	2003	Lana Wachowski	Sci-Fi,Action	scifi,action
terminator-3-rise-of-the-machines	Terminator 3 Rise of the Machines	2003	Jonathan Mostow	Sci-Fi,Action	scifi,action
spider-man-2	Spider-Man 2	2004	Sam Raimi	Action,Adventure,Sci-Fi	scifi,action
the-bourne-supremacy	The Bourne Supremacy	2004	Paul Greengrass	Action,Drama,Thriller	action,thriller,drama
kill-bill-volume-2	Kill Bill Volume 2	2004	Quentin Tarantino	Action,Crime,Thriller	action,crime,thriller
batman-begins	Batman Begins	2005	Christopher Nolan	Drama,Crime,Action	action,crime,drama
king-kong-2005	King Kong	2005	Peter Jackson	Action	action,drama
war-of-the-worlds	War of the Worlds	2005	Steven Spielberg	Sci-Fi,Action,Adventure	scifi,action
constantine	Constantine	2005	Francis Lawrence	Fantasy,Action,Horror	fantasy,horror,action
casino-royale	Casino Royale	2006	Martin Campbell	Action	action,thriller
pans-labyrinth-2006	Pan's Labyrinth	2006	Guillermo del Toro	Fantasy,War,Drama	fantasy,war
live-free-or-die-hard	Live Free or Die Hard	2007	Len Wiseman	Action	action,thriller
300	300	2007	Zack Snyder	Action,War,Fantasy	action,war
iron-man	Iron Man	2008	Jon Favreau	Action,Sci-Fi,Adventure	scifi,action
the-incredible-hulk	The Incredible Hulk	2008	Louis Leterrier	Sci-Fi,Action,Adventure	scifi,action
hellboy-ii-the-golden-army	Hellboy II The Golden Army	2008	Guillermo del Toro	Fantasy,Action	fantasy,action
taken	Taken	2008	Pierre Morel	Action	action,thriller
sherlock-holmes	Sherlock Holmes	2009	Guy Ritchie	Action	action
kick-ass	Kick-Ass	2010	Matthew Vaughn	Action	action,crime
captain-america-the-first-avenger	Captain America The First Avenger	2010	Joe Johnston	Action,Adventure,Sci-Fi	scifi,action
mission-impossible-ghost-protocol	Mission Impossible Ghost Protocol	2011	Brad Bird	Action	action,thriller
rise-of-the-planet-of-the-apes	Rise of the Planet of the Apes	2011	Rupert Wyatt	Thriller,Action,Drama,Sci-Fi	scifi,action,thriller
the-raid	The Raid	2011	Gareth Evans	Action,Thriller,Crime	action,crime,thriller
the-avengers	The Avengers	2012	Joss Whedon	Sci-Fi,Action,Adventure	scifi,action
the-dark-knight-rises	The Dark Knight Rises	2012	Christopher Nolan	Action,Crime,Drama,Thriller	action,crime,thriller
skyfall	Skyfall	2012	Sam Mendes	Action	action,thriller
the-hunger-games	The Hunger Games	2012	Gary Ross	Sci-Fi,Adventure,Action,Thriller	scifi,action,thriller
dredd	Dredd	2012	Pete Travis	Action,Sci-Fi	scifi,action
iron-man-3	Iron Man 3	2013	Shane Black	Action,Holiday	action,holiday
the-hunger-games-catching-fire	The Hunger Games Catching Fire	2013	Francis Lawrence	Adventure,Action,Sci-Fi	scifi,action
the-raid-2	The Raid 2	2013	Gareth Evans	Action,Crime,Thriller	action,crime,thriller
captain-america-the-winter-soldier	Captain America The Winter Soldier	2014	Anthony Russo	Action,Adventure,Sci-Fi	scifi,action
dawn-of-the-planet-of-the-apes	Dawn of the Planet of the Apes	2014	Matt Reeves	Sci-Fi,Action,Drama,Thriller	scifi,action,thriller
guardians-of-the-galaxy	Guardians of the Galaxy	2014	James Gunn	Action,Sci-Fi,Adventure	scifi,action
jurassic-world	Jurassic World	2015	Colin Trevorrow	Sci-Fi,Action,Adventure	scifi,action
creed	Creed	2015	Ryan Coogler	Drama,Sport	sports,drama
captain-america-civil-war	Captain America Civil War	2016	Anthony Russo	Adventure,Action,Sci-Fi	scifi,action
deadpool	Deadpool	2016	Tim Miller	Action	action,comedy
wonder-woman	Wonder Woman	2017	Patty Jenkins	Action,Adventure,Fantasy	fantasy,action
thor-ragnarok	Thor Ragnarok	2017	Taika Waititi	Action,Adventure,Comedy,Sci-Fi	scifi,action,comedy
logan	Logan	2017	James Mangold	Action,Drama,Sci-Fi	scifi,action,drama
john-wick-chapter-2	John Wick Chapter 2	2017	Chad Stahelski	Action,Thriller,Crime	action,crime,thriller
avengers-infinity-war	Avengers Infinity War	2018	Anthony Russo	Adventure,Action,Sci-Fi	scifi,action
black-panther	Black Panther	2018	Ryan Coogler	Action,Adventure,Sci-Fi	scifi,action
mission-impossible-fallout	Mission Impossible Fallout	2018	Christopher McQuarrie	Action	action
deadpool-2	Deadpool 2	2018	David Leitch	Action	action,comedy
avengers-endgame	Avengers Endgame	2019	Anthony Russo	Adventure,Sci-Fi,Action	scifi,action
john-wick-chapter-3-parabellum	John Wick Chapter 3 Parabellum	2019	Chad Stahelski	Action,Thriller,Crime	action,crime,thriller
joker	Joker	2019	Todd Phillips	Crime,Thriller,Drama	crime,thriller,drama
extraction	Extraction	2020	Sam Hargrave	Action	action,thriller
no-time-to-die	No Time to Die	2021	Cary Joji Fukunaga	Action	action,thriller
eternals	Eternals	2021	Chloe Zhao	Sci-Fi,Action,Adventure	scifi,action
john-wick-chapter-4	John Wick Chapter 4	2022	Chad Stahelski	Action,Thriller,Crime	action,crime,thriller
mission-impossible-dead-reckoning	Mission Impossible Dead Reckoning	2023	Christopher McQuarrie	Action	action,thriller
guardians-of-the-galaxy-vol-3	Guardians of the Galaxy Vol 3	2023	James Gunn	Sci-Fi,Adventure,Action	scifi,action
the-fall-guy	The Fall Guy	2024	David Leitch	Action,Comedy,Romance	action,comedy,romance
monkey-man	Monkey Man	2024	Dev Patel	Thriller,Crime,Action	action,crime,thriller
deadpool-and-wolverine-2024	Deadpool and Wolverine	2024	Shawn Levy	Action,Comedy,Sci-Fi	scifi,action,comedy
gladiator-ii	Gladiator II	2024	Ridley Scott	Action,Drama,War	action
bad-boys-ride-or-die	Bad Boys Ride or Die	2024	Adil El Arbi	Action,Comedy,Crime	action,comedy,crime
the-godfather-1972	The Godfather	1972	Francis Ford Coppola	Crime	classics,crime
mean-streets	Mean Streets	1973	Martin Scorsese	Drama,Crime	crime,classics,drama
serpico	Serpico	1973	Sidney Lumet	Crime,Drama,History	crime,classics,drama
chinatown-1974	Chinatown	1974	Roman Polanski	Crime	classics,crime
dog-day-afternoon	Dog Day Afternoon	1975	Sidney Lumet	Crime,Drama,Thriller	crime,thriller,drama
once-upon-a-time-in-america	Once Upon a Time in America	1984	Sergio Leone	Crime	crime,drama
stand-by-me-1986	Stand by Me	1986	Rob Reiner	Drama,Adventure,Family	family,drama
the-untouchables	The Untouchables	1987	Brian De Palma	Crime	crime,thriller
millers-crossing	Miller's Crossing	1990	Joel Coen	Drama,Thriller,Crime	crime,thriller,drama
reservoir-dogs-1992	Reservoir Dogs	1992	Quentin Tarantino	Crime	crime,thriller
jackie-brown	Jackie Brown	1997	Quentin Tarantino	Crime,Drama,Thriller	crime,thriller,drama
traffic	Traffic	2000	Steven Soderbergh	Thriller,Drama,Crime	crime,thriller,drama
road-to-perdition	Road to Perdition	2002	Sam Mendes	Crime,Drama,Thriller	crime,thriller,drama
city-of-god	City of God	2002	Fernando Meirelles	Crime	crime,drama
catch-me-if-you-can	Catch Me If You Can	2002	Steven Spielberg	Crime	crime,drama
kiss-kiss-bang-bang	Kiss Kiss Bang Bang	2005	Shane Black	Crime,Holiday	crime,holiday
no-country-for-old-men-2007	No Country for Old Men	2007	Joel Coen	Crime,Drama,Thriller	western,crime
in-bruges	In Bruges	2008	Martin McDonagh	Comedy,Drama,Crime	comedy,crime,drama
the-town	The Town	2010	Ben Affleck	Crime,Drama,Thriller	crime,thriller,drama
argo	Argo	2012	Ben Affleck	Drama,Thriller	thriller,drama
the-wolf-of-wall-street	The Wolf of Wall Street	2013	Martin Scorsese	Crime,Drama,Comedy	comedy,crime,drama
american-hustle	American Hustle	2013	David O. Russell	Crime	crime,drama
the-big-short	The Big Short	2015	Adam McKay	Comedy,Drama	comedy,drama
carol	Carol	2015	Todd Haynes	Romance,Drama	indie,romance
hell-or-high-water-2016	Hell or High Water	2016	David Mackenzie	Western,Crime,Drama	western,crime,drama
three-billboards-outside-ebbing-missouri	Three Billboards Outside Ebbing Missouri	2017	Martin McDonagh	Crime	crime,drama
the-irishman	The Irishman	2019	Martin Scorsese	Crime	crime,drama
nightmare-alley	Nightmare Alley	2021	Guillermo del Toro	Crime,Drama,Thriller	crime,thriller,drama
killers-of-the-flower-moon	Killers of the Flower Moon	2023	Martin Scorsese	Crime	crime,drama
duck-soup	Duck Soup	1933	Leo McCarey	Comedy	classics,comedy
it-happened-one-night	It Happened One Night	1934	Frank Capra	Comedy	classics,comedy,romance
the-thin-man	The Thin Man	1934	W.S. Van Dyke	Comedy,Mystery,Crime	comedy,crime,classics
bringing-up-baby	Bringing Up Baby	1938	Howard Hawks	Comedy	classics,comedy
his-girl-friday	His Girl Friday	1940	Howard Hawks	Comedy	classics,comedy
sullivans-travels	Sullivan's Travels	1941	Preston Sturges	Comedy,Romance,Adventure	comedy,romance,classics
the-lady-eve	The Lady Eve	1941	Preston Sturges	Comedy,Romance	comedy,romance,classics
the-palm-beach-story	The Palm Beach Story	1942	Preston Sturges	Comedy,Romance	comedy,romance,classics
arsenic-and-old-lace	Arsenic and Old Lace	1944	Frank Capra	Comedy,Crime	comedy,crime,classics
singin-in-the-rain	Singin in the Rain	1952	Stanley Donen	Musical,Comedy,Romance	musical,comedy,classics
some-like-it-hot	Some Like It Hot	1959	Billy Wilder	Comedy	classics,comedy
the-apartment	The Apartment	1960	Billy Wilder	Comedy,Holiday	classics,comedy,holiday
its-a-mad-mad-mad-mad-world	It's a Mad Mad Mad Mad World	1963	Stanley Kramer	Adventure,Comedy,Crime	comedy,crime,classics
dr-strangelove	Dr Strangelove	1964	Stanley Kubrick	Comedy	war,comedy,classics
the-graduate	The Graduate	1967	Mike Nichols	Drama,Romance,Comedy	comedy,romance,classics
blazing-saddles	Blazing Saddles	1974	Mel Brooks	Western,Comedy	western,comedy,classics
young-frankenstein	Young Frankenstein	1974	Mel Brooks	Comedy	comedy,classics
monty-python-and-the-holy-grail	Monty Python and the Holy Grail	1975	Terry Gilliam	Adventure,Comedy,Fantasy	fantasy,comedy
the-kentucky-fried-movie	The Kentucky Fried Movie	1977	John Landis	Comedy	comedy
high-anxiety	High Anxiety	1977	Mel Brooks	Comedy,Mystery,Thriller,Crime	comedy,crime,thriller
oh-god	Oh God	1977	Carl Reiner	Fantasy,Comedy	fantasy,comedy
animal-house	Animal House	1978	John Landis	Comedy	comedy
up-in-smoke	Up in Smoke	1978	Lou Adler	Comedy	comedy
foul-play	Foul Play	1978	Colin Higgins	Comedy	comedy,thriller
being-there	Being There	1979	Hal Ashby	Comedy	comedy,drama
life-of-brian	Life of Brian	1979	Terry Jones	Comedy	comedy
the-jerk	The Jerk	1979	Carl Reiner	Comedy	comedy
meatballs	Meatballs	1979	Ivan Reitman	Comedy	comedy
the-muppet-movie	The Muppet Movie	1979	James Frawley	Comedy,Family,Adventure	family,comedy
airplane-1980	Airplane	1980	Jim Abrahams	Comedy	comedy
the-blues-brothers	The Blues Brothers	1980	John Landis	Comedy	comedy,crime
caddyshack	Caddyshack	1980	Harold Ramis	Comedy	comedy
stir-crazy	Stir Crazy	1980	Sidney Poitier	Comedy	comedy,crime
9-to-5	9 to 5	1980	Colin Higgins	Comedy	comedy
private-benjamin	Private Benjamin	1980	Howard Zieff	Comedy	comedy
stripes	Stripes	1981	Ivan Reitman	Comedy	action,comedy
arthur	Arthur	1981	Steve Gordon	Comedy,Drama,Romance	comedy,romance,drama
fast-times-at-ridgemont-high	Fast Times at Ridgemont High	1982	Amy Heckerling	Comedy,Romance,Drama	comedy,romance,drama
diner	Diner	1982	Barry Levinson	Comedy	comedy,drama
trading-places	Trading Places	1982	John Landis	Comedy	comedy
national-lampoons-vacation	National Lampoon's Vacation	1983	Harold Ramis	Comedy	comedy
risky-business	Risky Business	1983	Paul Brickman	Romance,Comedy,Drama	comedy,romance,drama
ghostbusters-1984	Ghostbusters	1984	Ivan Reitman	Comedy,Sci-Fi,Fantasy	fantasy,comedy
this-is-spinal-tap	This Is Spinal Tap	1984	Rob Reiner	Comedy	comedy
police-academy	Police Academy	1984	Hugh Wilson	Comedy	comedy,crime
beverly-hills-cop	Beverly Hills Cop	1984	Martin Brest	Comedy,Crime,Action	action,comedy,crime
sixteen-candles	Sixteen Candles	1984	John Hughes	Comedy	comedy,romance
revenge-of-the-nerds	Revenge of the Nerds	1984	Jeff Kanew	Comedy	comedy
splash	Splash	1984	Ron Howard	Comedy,Romance,Fantasy	fantasy,comedy,romance
the-breakfast-club-1985	The Breakfast Club	1985	John Hughes	Comedy	comedy,drama
weird-science	Weird Science	1985	John Hughes	Comedy,Fantasy,Sci-Fi,Romance	fantasy,scifi,comedy
fletch	Fletch	1985	Michael Ritchie	Comedy	comedy,crime
spies-like-us	Spies Like Us	1985	John Landis	Comedy	comedy
clue	Clue	1985	Jonathan Lynn	Comedy	comedy,crime
better-off-dead	Better Off Dead	1985	Savage Steve Holland	Comedy	comedy,romance
the-sure-thing	The Sure Thing	1985	Rob Reiner	Comedy,Drama,Romance	comedy,romance,drama
ferris-buellers-day-off-1986	Ferris Bueller's Day Off	1986	John Hughes	Comedy	comedy
pretty-in-pink	Pretty in Pink	1986	Howard Deutch	Romance,Drama	romance,drama
three-amigos	Three Amigos	1986	John Landis	Comedy,Western	western,comedy
lucas	Lucas	1986	David Seltzer	Comedy,Drama,Romance	comedy,romance,drama
spaceballs	Spaceballs	1987	Mel Brooks	Comedy,Sci-Fi	scifi,comedy
planes-trains-and-automobiles	Planes Trains and Automobiles	1987	John Hughes	Comedy,Holiday	comedy,holiday
the-princess-bride-1987	The Princess Bride	1987	Rob Reiner	Adventure,Comedy,Fantasy	fantasy,comedy,family
a-fish-called-wanda	A Fish Called Wanda	1988	Charles Crichton	Comedy	comedy,crime
coming-to-america-1988	Coming to America	1988	John Landis	Comedy	comedy,romance
big	Big	1988	Penny Marshall	Fantasy,Drama,Comedy	fantasy,comedy,drama
dirty-rotten-scoundrels	Dirty Rotten Scoundrels	1988	Frank Oz	Comedy	comedy,crime
parenthood	Parenthood	1989	Ron Howard	Comedy	comedy,drama
uncle-buck	Uncle Buck	1989	John Hughes	Comedy,Drama,Family	family,comedy,drama
bill-and-teds-excellent-adventure	Bill and Ted's Excellent Adventure	1989	Stephen Herek	Adventure,Comedy,Sci-Fi	scifi,comedy
look-whos-talking	Look Who's Talking	1989	Amy Heckerling	Comedy	comedy,romance
what-about-bob	What About Bob	1991	Frank Oz	Comedy	comedy
hot-shots	Hot Shots	1991	Jim Abrahams	Action,Comedy,War	war,action,comedy
waynes-world	Wayne's World	1992	Penelope Spheeris	Comedy	comedy
my-cousin-vinny	My Cousin Vinny	1992	Jonathan Lynn	Comedy	comedy,drama
sister-act	Sister Act	1992	Emile Ardolino	Comedy	comedy
a-league-of-their-own	A League of Their Own	1992	Penny Marshall	Comedy,Drama,Sport	sports,comedy,family
mrs-doubtfire	Mrs Doubtfire	1993	Chris Columbus	Comedy,Family	family,comedy
groundhog-day-1993	Groundhog Day	1993	Harold Ramis	Romance,Fantasy,Comedy	fantasy,comedy,romance
the-mask	The Mask	1994	Chuck Russell	Comedy,Fantasy,Crime,Romance	fantasy,comedy,crime
dumb-and-dumber-1994	Dumb and Dumber	1994	Peter Farrelly	Comedy	comedy
ace-ventura-pet-detective	Ace Ventura Pet Detective	1994	Tom Shadyac	Comedy	comedy,crime
reality-bites	Reality Bites	1994	Ben Stiller	Drama,Romance,Comedy	comedy,romance,drama
clerks-1994	Clerks	1994	Kevin Smith	Comedy	comedy
clueless-1995	Clueless	1995	Amy Heckerling	Comedy	comedy,romance
dracula-dead-and-loving-it	Dracula Dead and Loving It	1995	Mel Brooks	Comedy,Horror,Fantasy	fantasy,horror,comedy
billy-madison	Billy Madison	1995	Tamra Davis	Comedy	comedy
happy-gilmore	Happy Gilmore	1996	Dennis Dugan	Comedy	comedy
kingpin	Kingpin	1996	Bobby Farrelly	Comedy	comedy
the-cable-guy	The Cable Guy	1996	Ben Stiller	Comedy,Drama,Thriller	comedy,thriller,drama
bottle-rocket	Bottle Rocket	1996	Wes Anderson	Comedy	indie,comedy
swingers	Swingers	1996	Doug Liman	Comedy	comedy,drama
austin-powers-international-man-of-mystery	Austin Powers International Man of Mystery	1997	Jay Roach	Comedy	comedy,crime
as-good-as-it-gets	As Good as It Gets	1997	James L. Brooks	Drama,Comedy,Romance	comedy,romance,drama
grosse-pointe-blank	Grosse Pointe Blank	1997	George Armitage	Action,Comedy,Thriller,Romance	action,comedy,romance
theres-something-about-mary	There's Something About Mary	1997	Bobby Farrelly	Comedy	comedy,romance
the-truman-show	The Truman Show	1998	Peter Weir	Comedy,Drama,Sci-Fi	comedy,drama
rushmore	Rushmore	1998	Wes Anderson	Comedy	indie,comedy
office-space-1999	Office Space	1999	Mike Judge	Comedy	comedy,cult
american-pie	American Pie	1999	Paul Weitz	Comedy	comedy,romance
austin-powers-the-spy-who-shagged-me	Austin Powers The Spy Who Shagged Me	1999	Jay Roach	Comedy	comedy,crime
election	Election	1999	Alexander Payne	Comedy	comedy,drama
being-john-malkovich	Being John Malkovich	1999	Spike Jonze	Comedy,Fantasy,Drama	fantasy,cult,comedy
meet-the-parents	Meet the Parents	2000	Jay Roach	Comedy	comedy,romance
best-in-show	Best in Show	2000	Christopher Guest	Comedy	comedy
o-brother-where-art-thou	O Brother Where Art Thou	2000	Joel Coen	Comedy	comedy,crime
high-fidelity	High Fidelity	2000	Stephen Frears	Drama,Comedy,Romance,Music	comedy,romance,drama
how-the-grinch-stole-christmas	How the Grinch Stole Christmas	2000	Ron Howard	Comedy,Family,Holiday	holiday,comedy,family
zoolander	Zoolander	2001	Ben Stiller	Comedy	comedy
super-troopers	Super Troopers	2001	Jay Chandrasekhar	Comedy	comedy,crime
wet-hot-american-summer	Wet Hot American Summer	2001	David Wain	Comedy	comedy
jay-and-silent-bob-strike-back	Jay and Silent Bob Strike Back	2001	Kevin Smith	Comedy	action,comedy
my-big-fat-greek-wedding	My Big Fat Greek Wedding	2001	Joel Zwick	Comedy,Drama,Romance	comedy,romance,drama
bridget-joness-diary	Bridget Jones's Diary	2001	Sharon Maguire	Comedy,Romance,Drama	comedy,romance,drama
austin-powers-in-goldmember	Austin Powers in Goldmember	2002	Jay Roach	Comedy	comedy,crime
old-school	Old School	2003	Todd Phillips	Comedy	comedy
bruce-almighty	Bruce Almighty	2003	Tom Shadyac	Fantasy,Comedy	fantasy,comedy
freaky-friday	Freaky Friday	2003	Mark Waters	Comedy,Family,Fantasy	family,fantasy,comedy
school-of-rock	School of Rock	2003	Richard Linklater	Comedy,Family,Music	family,comedy
anchorman-2004	Anchorman	2004	Adam McKay	Comedy	comedy
dodgeball	Dodgeball	2004	Rawson Marshall Thurber	Comedy	comedy
50-first-dates	50 First Dates	2004	Peter Segal	Comedy	comedy,romance
13-going-on-30	13 Going on 30	2004	Gary Winick	Comedy,Fantasy,Romance	fantasy,comedy,romance
napoleon-dynamite	Napoleon Dynamite	2004	Jared Hess	Comedy	comedy,cult
mean-girls-2004	Mean Girls	2004	Mark Waters	Comedy	comedy,drama
the-perks-of-being-a-wallflower	The Perks of Being a Wallflower	2004	Stephen Chbosky	Comedy	comedy
the-40-year-old-virgin	The 40-Year-Old Virgin	2005	Judd Apatow	Comedy	comedy,romance
wedding-crashers	Wedding Crashers	2005	David Dobkin	Comedy	comedy,romance
talladega-nights-the-ballad-of-ricky-bobby	Talladega Nights The Ballad of Ricky Bobby	2006	Adam McKay	Comedy	comedy
borat	Borat	2006	Larry Charles	Comedy	comedy
nacho-libre	Nacho Libre	2006	Jared Hess	Comedy,Action,Family	family,action,comedy
knocked-up	Knocked Up	2007	Judd Apatow	Comedy,Romance,Drama	comedy,romance,drama
superbad-2007	Superbad	2007	Greg Mottola	Comedy	comedy
juno	Juno	2007	Jason Reitman	Comedy	indie,comedy
step-brothers	Step Brothers	2008	Adam McKay	Comedy	comedy
tropic-thunder	Tropic Thunder	2008	Ben Stiller	Action,Comedy,War	war,action,comedy
pineapple-express	Pineapple Express	2008	David Gordon Green	Action,Comedy,Crime	action,comedy,crime
forgetting-sarah-marshall	Forgetting Sarah Marshall	2008	Nicholas Stoller	Comedy,Romance,Drama	comedy,romance,drama
role-models	Role Models	2008	David Wain	Comedy	comedy
the-hangover	The Hangover	2009	Todd Phillips	Comedy	comedy
zombieland	Zombieland	2009	Ruben Fleischer	Comedy,Horror	horror,comedy
500-days-of-summer	500 Days of Summer	2009	Marc Webb	Comedy,Drama,Romance	comedy,romance,drama
the-proposal	The Proposal	2009	Anne Fletcher	Comedy,Romance,Drama	comedy,romance,drama
the-other-guys	The Other Guys	2010	Adam McKay	Comedy,Action,Crime	action,comedy,crime
easy-a	Easy A	2010	Will Gluck	Comedy	comedy
scott-pilgrim-vs-the-world	Scott Pilgrim vs the World	2010	Edgar Wright	Action,Comedy,Romance	action,comedy,romance
bridesmaids	Bridesmaids	2011	Paul Feig	Comedy	comedy,romance
crazy-stupid-love	Crazy Stupid Love	2011	Glenn Ficarra	Comedy,Drama,Romance	comedy,romance,drama
50-50	50/50	2011	Jonathan Levine	Comedy	comedy,drama
horrible-bosses	Horrible Bosses	2011	Seth Gordon	Comedy	comedy,crime
21-jump-street	21 Jump Street	2012	Phil Lord	Action,Comedy,Crime	action,comedy,crime
ted	Ted	2012	Seth MacFarlane	Comedy,Fantasy	fantasy,comedy
pitch-perfect	Pitch Perfect	2012	Jason Moore	Comedy	comedy,romance
this-is-the-end	This Is the End	2013	Evan Goldberg	Comedy	action,comedy
the-worlds-end	The World's End	2013	Edgar Wright	Comedy,Action,Sci-Fi	scifi,action,comedy
the-heat	The Heat	2013	Paul Feig	Action,Comedy,Crime	action,comedy,crime
were-the-millers	We're the Millers	2013	Rawson Marshall Thurber	Comedy	comedy,crime
about-time	About Time	2013	Richard Curtis	Drama,Romance,Fantasy	fantasy,romance,drama
22-jump-street	22 Jump Street	2014	Phil Lord	Crime,Comedy,Action	action,comedy,crime
the-lego-movie	The Lego Movie	2014	Phil Lord	Animation,Family,Adventure,Comedy,Fantasy	family,fantasy,animation
what-we-do-in-the-shadows	What We Do in the Shadows	2014	Taika Waititi	Comedy,Horror	horror,comedy
neighbors	Neighbors	2014	Nicholas Stoller	Comedy	comedy
spy	Spy	2015	Paul Feig	Action,Comedy,Crime	action,comedy,crime
trainwreck	Trainwreck	2015	Judd Apatow	Comedy	comedy,romance
ant-man	Ant-Man	2015	Peyton Reed	Sci-Fi,Adventure,Action	scifi,action
the-nice-guys	The Nice Guys	2016	Shane Black	Comedy,Crime,Action	action,comedy,crime
hunt-for-the-wilderpeople	Hunt for the Wilderpeople	2016	Taika Waititi	Comedy	comedy,drama
the-big-sick	The Big Sick	2017	Michael Showalter	Comedy,Drama,Romance	comedy,romance,drama
game-night	Game Night	2018	John Francis Daley	Comedy	comedy,crime
blockers	Blockers	2018	Kay Cannon	Comedy	comedy
eighth-grade	Eighth Grade	2018	Bo Burnham	Comedy,Drama	indie,comedy
booksmart	Booksmart	2018	Olivia Wilde	Comedy	comedy
crazy-rich-asians	Crazy Rich Asians	2018	Jon M. Chu	Comedy	comedy,romance
jojo-rabbit	Jojo Rabbit	2019	Taika Waititi	Comedy,War,Drama	war,comedy,drama
palm-springs	Palm Springs	2020	Max Barbakow	Comedy,Romance,Sci-Fi	scifi,comedy,romance
shiva-baby	Shiva Baby	2021	Emma Seligman	Comedy	comedy,drama
glass-onion	Glass Onion	2022	Rian Johnson	Comedy	comedy,crime
the-unbearable-weight-of-massive-talent	The Unbearable Weight of Massive Talent	2022	Tom Gormican	Action,Comedy,Crime	action,comedy,crime
bottoms	Bottoms	2023	Emma Seligman	Comedy	comedy
the-holdovers	The Holdovers	2023	Alexander Payne	Comedy	comedy,drama
hit-man	Hit Man	2024	Richard Linklater	Comedy,Romance,Crime	comedy,crime,romance
drive-away-dolls	Drive-Away Dolls	2024	Ethan Coen	Comedy,Crime	comedy,crime,new
beverly-hills-cop-axel-f	Beverly Hills Cop Axel F	2024	Mark Molloy	Action,Comedy,Crime	action,comedy,crime
ghostbusters-frozen-empire	Ghostbusters Frozen Empire	2024	Gil Kenan	Fantasy,Adventure,Comedy	fantasy,comedy,new
anyone-but-you	Anyone But You	2024	Will Gluck	Comedy	comedy,romance
another-simple-favor	Another Simple Favor	2025	Jake Kasdan	Comedy,Thriller,Mystery	comedy,thriller,new
gone-with-the-wind	Gone with the Wind	1939	Victor Fleming	Romance	classics,romance
the-wizard-of-oz	The Wizard of Oz	1939	Victor Fleming	Adventure,Family,Fantasy	fantasy,family,classics
the-shop-around-the-corner	The Shop Around the Corner	1940	Ernst Lubitsch	Comedy,Drama,Romance	comedy,romance,classics
casablanca-1942	Casablanca	1942	Michael Curtiz	Romance	classics,romance
brief-encounter	Brief Encounter	1945	David Lean	Drama,Romance	romance,classics,drama
the-best-years-of-our-lives	The Best Years of Our Lives	1946	William Wyler	Drama,Romance,War	war,romance,classics
roman-holiday	Roman Holiday	1953	William Wyler	Romance,Comedy,Drama	comedy,romance,classics
sabrina	Sabrina	1954	Billy Wilder	Comedy,Romance,Drama	comedy,romance,classics
an-affair-to-remember	An Affair to Remember	1957	Leo McCarey	Drama,Romance	romance,classics,drama
funny-face	Funny Face	1957	Stanley Donen	Music,Comedy,Romance	comedy,romance,classics
west-side-story	West Side Story	1961	Robert Wise	Musical,Romance,Crime	musical,romance,classics
the-goodbye-girl	The Goodbye Girl	1977	Herbert Ross	Comedy,Drama,Romance	comedy,romance,drama
moonstruck-1987	Moonstruck	1987	Norman Jewison	Comedy,Drama,Romance	comedy,romance,drama
dirty-dancing-1987	Dirty Dancing	1987	Emile Ardolino	Romance	romance,drama
say-anything-1989	Say Anything	1989	Cameron Crowe	Romance,Comedy,Drama	comedy,romance,drama
when-harry-met-sally-1989	When Harry Met Sally	1989	Rob Reiner	Comedy,Romance,Drama	comedy,romance,drama
sense-and-sensibility	Sense and Sensibility	1995	Ang Lee	Romance	romance,drama
before-sunrise	Before Sunrise	1995	Richard Linklater	Romance	indie,romance
the-english-patient	The English Patient	1996	Anthony Minghella	Drama,Romance,War	war,romance,drama
titanic-1997	Titanic	1997	James Cameron	Romance	romance,drama
sliding-doors	Sliding Doors	1998	Peter Howitt	Comedy,Drama,Fantasy,Romance	fantasy,comedy,romance
notting-hill	Notting Hill	1999	Roger Michell	Romance	comedy,romance
almost-famous	Almost Famous	2000	Cameron Crowe	Drama,Music	drama
moulin-rouge	Moulin Rouge	2001	Baz Luhrmann	Musical,Romance,Drama	musical,romance
amelie-2001	Amelie	2001	Jean-Pierre Jeunet	Romance	comedy,romance
bend-it-like-beckham	Bend It Like Beckham	2002	Gurinder Chadha	Comedy,Drama,Sport	sports,comedy,family
sweet-home-alabama	Sweet Home Alabama	2002	Andy Tennant	Romance	comedy,romance
about-a-boy	About a Boy	2002	Chris Weitz	Drama,Comedy,Romance	comedy,romance,drama
love-actually-2003	Love Actually	2003	Richard Curtis	Comedy,Romance,Holiday	holiday,romance,comedy
somethings-gotta-give	Something's Gotta Give	2003	Nancy Meyers	Drama,Comedy,Romance	comedy,romance,drama
before-sunset	Before Sunset	2004	Richard Linklater	Romance	indie,romance
closer	Closer	2004	Mike Nichols	Romance	romance,drama
pride-and-prejudice	Pride and Prejudice	2005	Joe Wright	Romance	romance,drama
brokeback-mountain	Brokeback Mountain	2005	Ang Lee	Drama,Romance,Western	romance,drama
the-devil-wears-prada	The Devil Wears Prada	2006	David Frankel	Drama,Comedy	comedy,drama
500-days-of-summer-2007	500 Days of Summer	2007	Marc Webb	Comedy,Drama,Romance	comedy,romance,drama
the-curious-case-of-benjamin-button	The Curious Case of Benjamin Button	2008	David Fincher	Drama,Fantasy,Romance	fantasy,romance,drama
its-complicated	It's Complicated	2009	Nancy Meyers	Romance	comedy,romance
blue-valentine	Blue Valentine	2010	Derek Cianfrance	Romance	romance,drama
friends-with-benefits	Friends with Benefits	2011	Will Gluck	Romance	comedy,romance
before-midnight	Before Midnight	2013	Richard Linklater	Romance	indie,romance
her-2013	Her	2013	Spike Jonze	Romance,Sci-Fi,Drama	indie,romance,scifi
call-me-by-your-name	Call Me by Your Name	2017	Luca Guadagnino	Romance	romance,drama
love-simon	Love Simon	2018	Greg Berlanti	Comedy,Drama,Romance	comedy,romance,drama
to-all-the-boys-ive-loved-before	To All the Boys I've Loved Before	2018	Susan Johnson	Romance	comedy,romance
set-it-up	Set It Up	2018	Claire Scanlon	Romance	comedy,romance
the-farewell	The Farewell	2019	Lulu Wang	Comedy,Drama	comedy,drama
promising-young-woman	Promising Young Woman	2020	Emerald Fennell	Thriller,Crime,Drama	crime,thriller,drama
past-lives-2021	Past Lives	2021	Celine Song	Romance	romance,drama
anatomy-of-a-fall	Anatomy of a Fall	2023	Justine Triet	Thriller,Drama,Crime	indie,thriller
queer	Queer	2024	Luca Guadagnino	Drama,Romance	romance,drama,new
babygirl	Babygirl	2024	Halina Reijn	Romance,Thriller	romance,thriller,new
citizen-kane	Citizen Kane	1941	Orson Welles	Drama	classics,drama
the-maltese-falcon	The Maltese Falcon	1941	John Huston	Mystery,Crime,Thriller	crime,thriller,classics
the-treasure-of-the-sierra-madre	The Treasure of the Sierra Madre	1948	John Huston	Adventure,Drama,Western	western,classics,drama
sunset-boulevard	Sunset Boulevard	1950	Billy Wilder	Drama	classics,drama
all-about-eve	All About Eve	1950	Joseph L. Mankiewicz	Drama	classics,drama
rashomon	Rashomon	1950	Akira Kurosawa	Drama	classics,drama
a-streetcar-named-desire	A Streetcar Named Desire	1951	Elia Kazan	Drama	classics,drama
high-noon	High Noon	1952	Fred Zinnemann	Western,Drama	western,classics
ikiru	Ikiru	1952	Akira Kurosawa	Drama	classics,drama
tokyo-story	Tokyo Story	1953	Yasujiro Ozu	Drama	classics,drama
on-the-waterfront	On the Waterfront	1954	Elia Kazan	Crime,Drama,Romance	crime,romance,classics
seven-samurai	Seven Samurai	1954	Akira Kurosawa	Action,Drama	action,classics,drama
12-angry-men	12 Angry Men	1957	Sidney Lumet	Drama	classics,drama
the-bridge-on-the-river-kwai	The Bridge on the River Kwai	1957	David Lean	Drama,History,War	war,classics,drama
paths-of-glory	Paths of Glory	1957	Stanley Kubrick	War,Drama	war,classics
the-seventh-seal	The Seventh Seal	1957	Ingmar Bergman	Fantasy,Drama	fantasy,classics,drama
ben-hur	Ben-Hur	1959	William Wyler	Adventure,Drama,Action	classics,action
lawrence-of-arabia	Lawrence of Arabia	1962	David Lean	War,Adventure,Drama	war,classics
whos-afraid-of-virginia-woolf	Who's Afraid of Virginia Woolf	1966	Mike Nichols	Drama	classics,drama
in-the-heat-of-the-night	In the Heat of the Night	1967	Norman Jewison	Crime,Drama,Mystery,Thriller	crime,thriller,classics
midnight-cowboy	Midnight Cowboy	1969	John Schlesinger	Drama	classics,drama
mash	MASH	1970	Robert Altman	Comedy,Drama,War	war,comedy,classics
patton	Patton	1970	Franklin J. Schaffner	War,Drama,Biography	war,classics
five-easy-pieces	Five Easy Pieces	1970	Bob Rafelson	Drama	classics,drama
the-last-picture-show	The Last Picture Show	1971	Peter Bogdanovich	Drama,Romance	romance,classics,drama
the-sting	The Sting	1973	George Roy Hill	Comedy,Crime,Drama	comedy,crime,classics
american-graffiti	American Graffiti	1973	George Lucas	Comedy,Drama	comedy,classics,drama
badlands	Badlands	1973	Terrence Malick	Drama,Romance,Crime	crime,romance,classics
one-flew-over-the-cuckoos-nest-1975	One Flew Over the Cuckoo's Nest	1975	Milos Forman	Drama	classics,drama
barry-lyndon	Barry Lyndon	1975	Stanley Kubrick	Drama	drama
nashville	Nashville	1975	Robert Altman	Drama,Comedy,Music	comedy,drama
the-deer-hunter	The Deer Hunter	1978	Michael Cimino	War,Drama	war
apocalypse-now-1979	Apocalypse Now	1979	Francis Ford Coppola	War,Drama	war
kramer-vs-kramer	Kramer vs Kramer	1979	Robert Benton	Drama	drama
raging-bull	Raging Bull	1980	Martin Scorsese	Drama,Sport,Biography	sports,drama,classics
ordinary-people	Ordinary People	1980	Robert Redford	Drama	drama
gandhi	Gandhi	1982	Richard Attenborough	Drama	drama
the-verdict	The Verdict	1982	Sidney Lumet	Drama	drama
tootsie	Tootsie	1982	Sydney Pollack	Comedy,Romance	comedy,romance
terms-of-endearment	Terms of Endearment	1983	James L. Brooks	Drama,Comedy	comedy,drama
the-right-stuff	The Right Stuff	1983	Philip Kaufman	Drama	drama
the-killing-fields	The Killing Fields	1984	Roland Joffe	Drama,History,War	war,drama
out-of-africa	Out of Africa	1985	Sydney Pollack	History,Romance,Drama	romance,drama
the-color-purple	The Color Purple	1985	Steven Spielberg	Drama	drama
ran	Ran	1985	Akira Kurosawa	Action,Drama,History	action,drama
platoon	Platoon	1986	Oliver Stone	War,Drama	war
blue-velvet	Blue Velvet	1986	David Lynch	Mystery,Thriller,Drama	cult,thriller
hannah-and-her-sisters	Hannah and Her Sisters	1986	Woody Allen	Comedy,Drama	comedy,drama
the-last-emperor	The Last Emperor	1987	Bernardo Bertolucci	Drama	drama
working-girl	Working Girl	1988	Mike Nichols	Comedy,Romance,Drama	comedy,romance,drama
do-the-right-thing	Do the Right Thing	1989	Spike Lee	Drama	drama
born-on-the-fourth-of-july	Born on the Fourth of July	1989	Oliver Stone	War,Drama,Biography	war,drama
dead-poets-society-1989	Dead Poets Society	1989	Peter Weir	Drama	drama
field-of-dreams	Field of Dreams	1989	Phil Alden Robinson	Drama,Family,Sport	sports,drama,family
driving-miss-daisy	Driving Miss Daisy	1989	Bruce Beresford	Drama	drama
dances-with-wolves	Dances with Wolves	1990	Kevin Costner	Adventure,Drama,Western	western,drama,classics
thelma-and-louise	Thelma and Louise	1991	Ridley Scott	Drama,Crime,Adventure	crime,drama
boyz-n-the-hood	Boyz n the Hood	1991	John Singleton	Drama,Crime	crime,drama
bugsy	Bugsy	1991	Barry Levinson	Crime,Drama,Mystery	crime,drama
unforgiven	Unforgiven	1992	Clint Eastwood	Western,Drama	western
malcolm-x	Malcolm X	1992	Spike Lee	Drama	drama
the-player	The Player	1992	Robert Altman	Mystery,Drama,Thriller,Comedy,Crime	comedy,crime,thriller
schindlers-list	Schindler's List	1993	Steven Spielberg	Drama,History,War	war,drama
the-piano	The Piano	1993	Jane Campion	Drama,Romance	romance,drama
philadelphia	Philadelphia	1993	Jonathan Demme	Drama	drama
in-the-name-of-the-father	In the Name of the Father	1993	Jim Sheridan	Drama	drama
forrest-gump-1994	Forrest Gump	1994	Robert Zemeckis	Comedy,Drama,Romance	comedy,romance,drama
three-colors-red	Three Colors Red	1994	Krzysztof Kieslowski	Drama,Mystery,Romance	romance,drama
chungking-express	Chungking Express	1994	Wong Kar-wai	Drama,Comedy,Romance	comedy,romance,drama
braveheart	Braveheart	1995	Mel Gibson	War,Drama,Biography	war,drama
apollo-13	Apollo 13	1995	Ron Howard	Drama	drama
babe	Babe	1995	Chris Noonan	Comedy,Drama,Family	family,fantasy,comedy
il-postino	Il Postino	1995	Michael Radford	Comedy,Drama,Romance	comedy,romance,drama
shine	Shine	1996	Scott Hicks	Drama	drama
secrets-and-lies	Secrets and Lies	1996	Mike Leigh	Drama	drama
good-will-hunting-1997	Good Will Hunting	1997	Gus Van Sant	Drama	drama
boogie-nights	Boogie Nights	1997	Paul Thomas Anderson	Drama	indie,drama
saving-private-ryan-1998	Saving Private Ryan	1998	Steven Spielberg	War,Drama,Action	war
life-is-beautiful	Life Is Beautiful	1998	Roberto Benigni	Comedy,Drama	comedy,drama
the-thin-red-line	The Thin Red Line	1998	Terrence Malick	War,Drama	war
american-beauty	American Beauty	1999	Sam Mendes	Drama	drama
the-green-mile	The Green Mile	1999	Frank Darabont	Fantasy,Drama,Crime	fantasy,crime,drama
magnolia	Magnolia	1999	Paul Thomas Anderson	Drama	indie,drama
erin-brockovich	Erin Brockovich	2000	Steven Soderbergh	Drama	drama
crouching-tiger-hidden-dragon	Crouching Tiger Hidden Dragon	2000	Ang Lee	Action,Adventure,Fantasy	action,drama
a-beautiful-mind	A Beautiful Mind	2001	Ron Howard	Drama,Romance	romance,drama
gosford-park	Gosford Park	2001	Robert Altman	Drama,Mystery,Thriller	thriller,drama
in-the-bedroom	In the Bedroom	2001	Todd Field	Drama,Thriller	thriller,drama
the-pianist	The Pianist	2002	Roman Polanski	Drama,War	war,drama
gangs-of-new-york	Gangs of New York	2002	Martin Scorsese	Drama,History,Crime	crime,drama
adaptation	Adaptation	2002	Spike Jonze	Comedy,Drama	indie,comedy
about-schmidt	About Schmidt	2002	Alexander Payne	Drama,Comedy	comedy,drama
the-hours	The Hours	2002	Stephen Daldry	Drama	drama
talk-to-her	Talk to Her	2002	Pedro Almodovar	Drama,Romance	romance,drama
mystic-river	Mystic River	2003	Clint Eastwood	Thriller,Drama,Mystery,Crime	crime,thriller,drama
master-and-commander	Master and Commander	2003	Peter Weir	War,Adventure,Drama	war,action
lost-in-translation-2003	Lost in Translation	2003	Sofia Coppola	Drama,Romance	indie,romance
million-dollar-baby	Million Dollar Baby	2004	Clint Eastwood	Drama,Sport	sports,drama
sideways	Sideways	2004	Alexander Payne	Comedy,Drama,Romance	indie,comedy
ray	Ray	2004	Taylor Hackford	Drama	drama
hotel-rwanda	Hotel Rwanda	2004	Terry George	Drama,History,War	war,drama
the-motorcycle-diaries	The Motorcycle Diaries	2004	Walter Salles	Drama	drama
crash	Crash	2005	Paul Haggis	Drama	drama
capote	Capote	2005	Bennett Miller	Crime,Drama	crime,drama
good-night-and-good-luck	Good Night and Good Luck	2005	George Clooney	Drama	drama
babel	Babel	2006	Alejandro G. Inarritu	Drama	drama
little-miss-sunshine	Little Miss Sunshine	2006	Jonathan Dayton	Comedy,Drama	indie,comedy
letters-from-iwo-jima	Letters from Iwo Jima	2006	Clint Eastwood	War,Drama	war
there-will-be-blood-2007	There Will Be Blood	2007	Paul Thomas Anderson	Drama	drama
the-diving-bell-and-the-butterfly	The Diving Bell and the Butterfly	2007	Julian Schnabel	Drama	drama
atonement	Atonement	2007	Joe Wright	Drama,Romance	romance,drama
milk	Milk	2008	Gus Van Sant	Drama	drama
the-wrestler	The Wrestler	2008	Darren Aronofsky	Drama,Romance	romance,drama
gran-torino	Gran Torino	2008	Clint Eastwood	Drama	drama
the-hurt-locker-2009	The Hurt Locker	2009	Kathryn Bigelow	Drama,Thriller,War	war,thriller,drama
precious	Precious	2009	Lee Daniels	Drama	drama
up-in-the-air	Up in the Air	2009	Jason Reitman	Drama,Romance	romance,drama
an-education	An Education	2009	Lone Scherfig	Drama,Romance	romance,drama
the-kings-speech	The King's Speech	2010	Tom Hooper	Drama	drama
black-swan	Black Swan	2010	Darren Aronofsky	Drama,Thriller,Horror	horror,thriller,drama
the-fighter	The Fighter	2010	David O. Russell	Drama,Sport,Biography	sports,drama
true-grit	True Grit	2010	Joel Coen	Western,Drama,Adventure	western
winters-bone	Winter's Bone	2010	Debra Granik	Drama	drama
the-artist	The Artist	2011	Michel Hazanavicius	Drama,Comedy,Romance	comedy,romance,drama
the-descendants	The Descendants	2011	Alexander Payne	Comedy,Drama	comedy,drama
moneyball	Moneyball	2011	Bennett Miller	Drama,Sport,Biography	sports,drama
the-tree-of-life	The Tree of Life	2011	Terrence Malick	Drama,Fantasy	fantasy,drama
a-separation	A Separation	2011	Asghar Farhadi	Drama	drama
midnight-in-paris	Midnight in Paris	2011	Woody Allen	Fantasy,Comedy,Romance	fantasy,comedy,romance
lincoln	Lincoln	2012	Steven Spielberg	Drama	drama
life-of-pi	Life of Pi	2012	Ang Lee	Drama	drama
silver-linings-playbook	Silver Linings Playbook	2012	David O. Russell	Drama,Comedy,Romance	comedy,romance,drama
zero-dark-thirty	Zero Dark Thirty	2012	Kathryn Bigelow	War,Thriller,Drama	thriller,drama
the-master	The Master	2012	Paul Thomas Anderson	Drama	drama
amour	Amour	2012	Michael Haneke	Drama,Romance	romance,drama
nebraska	Nebraska	2013	Alexander Payne	Drama	drama
dallas-buyers-club	Dallas Buyers Club	2013	Jean-Marc Vallee	Drama	drama
boyhood	Boyhood	2014	Richard Linklater	Drama	indie,drama
whiplash-2014	Whiplash	2014	Damien Chazelle	Drama	indie,drama
spotlight	Spotlight	2015	Tom McCarthy	Drama	drama
the-revenant	The Revenant	2015	Alejandro G. Inarritu	Western,Drama,Adventure	western,drama
room	Room	2015	Lenny Abrahamson	Drama,Thriller	thriller,drama
manchester-by-the-sea	Manchester by the Sea	2016	Kenneth Lonergan	Drama	indie,drama
fences	Fences	2016	Denzel Washington	Drama	drama
hidden-figures	Hidden Figures	2016	Theodore Melfi	Drama	drama
dunkirk	Dunkirk	2017	Christopher Nolan	War,Drama,Action	war
phantom-thread	Phantom Thread	2017	Paul Thomas Anderson	Drama,Romance	romance,drama
green-book	Green Book	2018	Peter Farrelly	Drama,Comedy,History	comedy,drama
blackkklansman	BlacKkKlansman	2018	Spike Lee	Crime,Comedy,Drama,History	comedy,crime,drama
the-favourite	The Favourite	2018	Yorgos Lanthimos	History,Comedy,Drama	comedy,drama
roma	Roma	2018	Alfonso Cuaron	Drama	drama
a-star-is-born	A Star Is Born	2018	Bradley Cooper	Drama,Music,Romance	musical,romance
if-beale-street-could-talk	If Beale Street Could Talk	2018	Barry Jenkins	Romance,Drama	romance,drama
1917	1917	2019	Sam Mendes	War,Drama,Action	war
marriage-story	Marriage Story	2019	Noah Baumbach	Drama	drama
little-women	Little Women	2019	Greta Gerwig	Drama,Romance	romance,drama
once-upon-a-time-in-hollywood	Once Upon a Time in Hollywood	2019	Quentin Tarantino	Comedy,Drama,Thriller	comedy,thriller,drama
minari	Minari	2020	Lee Isaac Chung	Drama	indie,drama
the-father	The Father	2020	Florian Zeller	Drama	drama
the-power-of-the-dog	The Power of the Dog	2021	Jane Campion	Western,Drama	western,drama
licorice-pizza	Licorice Pizza	2021	Paul Thomas Anderson	Drama,Comedy,Romance	comedy,romance,drama
belfast	Belfast	2021	Kenneth Branagh	Drama	drama
west-side-story-2021	West Side Story	2021	Steven Spielberg	Musical,Romance,Drama	musical,romance
the-banshees-of-inisherin	The Banshees of Inisherin	2022	Martin McDonagh	Drama,Comedy	comedy,drama
tar	Tar	2022	Todd Field	Drama	drama
all-quiet-on-the-western-front	All Quiet on the Western Front	2022	Edward Berger	War,Drama	war
the-fabelmans	The Fabelmans	2022	Steven Spielberg	Drama	drama
women-talking	Women Talking	2022	Sarah Polley	Drama	drama
the-whale	The Whale	2022	Darren Aronofsky	Drama	drama
the-brutalist	The Brutalist	2024	Brady Corbet	Drama	drama,new
a-real-pain	A Real Pain	2024	Jesse Eisenberg	Comedy,Drama	comedy,drama,new
a-complete-unknown	A Complete Unknown	2024	James Mangold	Drama,Music	drama,new
nickel-boys	Nickel Boys	2024	RaMell Ross	Drama,History	drama,new
the-room-next-door	The Room Next Door	2024	Pedro Almodovar	Drama	drama,new
emilia-perez	Emilia Perez	2024	Jacques Audiard	Drama,Thriller	thriller,drama,new
sing-sing	Sing Sing	2024	Greg Kwedar	Drama	drama,new
snow-white-and-the-seven-dwarfs	Snow White and the Seven Dwarfs	1937	David Hand	Animation,Family,Fantasy	family,fantasy,animation
pinocchio	Pinocchio	1940	Ben Sharpsteen	Animation,Family,Fantasy	family,fantasy,animation
fantasia	Fantasia	1940	Ben Sharpsteen	Animation,Music,Fantasy	fantasy,musical,animation
dumbo	Dumbo	1941	Ben Sharpsteen	Animation,Family	family,animation,classics
bambi	Bambi	1942	Ben Sharpsteen	Animation,Drama,Family	family,animation,classics
cinderella	Cinderella	1950	Clyde Geronimi	Animation,Family,Fantasy	family,fantasy,animation
alice-in-wonderland	Alice in Wonderland	1951	Clyde Geronimi	Animation,Family,Fantasy	animation,fantasy,family
peter-pan	Peter Pan	1953	Clyde Geronimi	Animation,Family,Adventure,Fantasy	family,fantasy,animation
lady-and-the-tramp	Lady and the Tramp	1955	Clyde Geronimi	Animation,Family,Romance,Adventure,Comedy	family,animation,comedy
sleeping-beauty	Sleeping Beauty	1959	Clyde Geronimi	Fantasy,Animation,Romance,Family	family,fantasy,animation
one-hundred-and-one-dalmatians	One Hundred and One Dalmatians	1961	Wolfgang Reitherman	Adventure,Animation,Comedy,Family	family,animation,comedy
the-jungle-book	The Jungle Book	1967	Wolfgang Reitherman	Family,Animation,Adventure	family,animation,classics
the-aristocats	The Aristocats	1970	Wolfgang Reitherman	Animation,Comedy,Family,Adventure	family,animation,comedy
robin-hood	Robin Hood	1973	Wolfgang Reitherman	Animation,Family,Adventure	family,animation,classics
the-rescuers	The Rescuers	1977	Wolfgang Reitherman	Fantasy,Family,Animation,Adventure	family,fantasy,animation
the-secret-of-nimh	The Secret of NIMH	1982	Don Bluth	Adventure,Animation,Drama,Family,Fantasy,Mystery,Sci-Fi	family,fantasy,animation
the-dark-crystal	The Dark Crystal	1982	Jim Henson	Adventure,Family,Fantasy	fantasy,family
nausicaa-of-the-valley-of-the-wind	Nausicaa of the Valley of the Wind	1984	Hayao Miyazaki	Adventure,Animation,Fantasy	fantasy,animation
castle-in-the-sky	Castle in the Sky	1986	Hayao Miyazaki	Adventure,Fantasy,Animation,Action,Family	family,fantasy,animation
my-neighbor-totoro	My Neighbor Totoro	1988	Hayao Miyazaki	Animation,Family,Fantasy	animation,family,fantasy
grave-of-the-fireflies	Grave of the Fireflies	1988	Isao Takahata	Animation,Drama,War	war,animation,drama
all-dogs-go-to-heaven	All Dogs Go to Heaven	1989	Don Bluth	Drama,Animation,Family,Comedy,Fantasy	family,fantasy,animation
aladdin	Aladdin	1992	Ron Clements	Animation,Family,Fantasy	animation,family,fantasy
porco-rosso	Porco Rosso	1992	Hayao Miyazaki	Animation,Adventure,Fantasy	fantasy,animation
the-nightmare-before-christmas	The Nightmare Before Christmas	1993	Henry Selick	Animation,Fantasy,Holiday	family,holiday,animation
toy-story-1995	Toy Story	1995	John Lasseter	Family,Comedy,Animation,Adventure	family,animation,comedy
whisper-of-the-heart	Whisper of the Heart	1995	Hayao Miyazaki	Animation,Drama,Family	family,animation,drama
perfect-blue	Perfect Blue	1997	Satoshi Kon	Animation,Thriller	animation,thriller
hercules	Hercules	1997	Ron Clements	Animation,Family,Fantasy	animation,family,fantasy
anastasia	Anastasia	1997	Don Bluth	Animation,Family,Fantasy,Adventure	family,fantasy,animation
mulan	Mulan	1998	Barry Cook	Animation,Action,Family	animation,family,action
the-iron-giant-1998	The Iron Giant	1998	Brad Bird	Animation,Drama,Family,Sci-Fi,Adventure	family,scifi,animation
toy-story-2	Toy Story 2	1999	John Lasseter	Animation,Comedy,Family	animation,family,comedy
south-park-bigger-longer-and-uncut	South Park Bigger Longer and Uncut	1999	Trey Parker	Animation,Comedy	animation,comedy
chicken-run	Chicken Run	2000	Peter Lord	Animation,Comedy,Family	family,animation,comedy
the-emperors-new-groove	The Emperor's New Groove	2000	Mark Dindal	Adventure,Animation,Comedy,Family,Fantasy	family,fantasy,animation
monsters-inc	Monsters Inc	2001	Pete Docter	Animation,Comedy,Family	family,fantasy,animation
spirited-away-2001	Spirited Away	2001	Hayao Miyazaki	Animation,Adventure,Fantasy	animation,fantasy,family
spirited-away-2002	Spirited Away	2002	Hayao Miyazaki	Animation,Adventure,Fantasy	animation,fantasy,family
the-incredibles	The Incredibles	2004	Brad Bird	Animation,Action,Family	animation,family,action
howls-moving-castle	Howl's Moving Castle	2004	Hayao Miyazaki	Animation,Adventure,Fantasy	animation,fantasy
wallace-and-gromit-the-curse-of-the-were-rabbit	Wallace and Gromit The Curse of the Were-Rabbit	2005	Nick Park	Adventure,Animation,Comedy,Family	family,animation,comedy
madagascar	Madagascar	2005	Eric Darnell	Adventure,Animation,Comedy,Family	family,animation,comedy
corpse-bride	Corpse Bride	2005	Tim Burton	Romance,Fantasy,Animation	fantasy,animation,romance
cars	Cars	2006	John Lasseter	Animation,Comedy,Family	animation,family,comedy
happy-feet	Happy Feet	2006	George Miller	Animation,Family,Musical	animation,family,musical
ratatouille	Ratatouille	2007	Brad Bird	Animation,Comedy,Family	family,fantasy,animation
kung-fu-panda	Kung Fu Panda	2008	John Stevenson	Action,Animation,Comedy,Family	family,animation,action
fantastic-mr-fox	Fantastic Mr Fox	2008	Wes Anderson	Animation,Comedy,Family	animation,family,comedy
up	Up	2009	Pete Docter	Animation,Adventure,Family	animation,family,comedy
coraline	Coraline	2009	Henry Selick	Animation,Fantasy,Family	fantasy,horror,animation
the-secret-of-kells	The Secret of Kells	2009	Tomm Moore	Animation,Family,Fantasy	family,fantasy,animation
toy-story-3	Toy Story 3	2010	Lee Unkrich	Animation,Comedy,Family	animation,family,comedy
how-to-train-your-dragon	How to Train Your Dragon	2010	Dean DeBlois	Animation,Adventure,Family	animation,fantasy,family
tangled	Tangled	2010	Nathan Greno	Animation,Family,Fantasy	animation,family,fantasy
despicable-me	Despicable Me	2010	Pierre Coffin	Animation,Comedy,Crime,Sci-Fi,Family	family,scifi,animation
kung-fu-panda-2	Kung Fu Panda 2	2011	Jennifer Yuh Nelson	Animation,Family,Comedy,Action	family,animation,action
rango	Rango	2011	Gore Verbinski	Animation,Comedy,Family,Western,Adventure	family,western,animation
brave	Brave	2012	Mark Andrews	Animation,Adventure,Fantasy	animation,fantasy,family
wreck-it-ralph	Wreck-It Ralph	2012	Rich Moore	Family,Animation,Comedy,Adventure	family,animation,comedy
paranorman	ParaNorman	2012	Sam Fell	Animation,Fantasy,Family	animation,fantasy,family
frozen	Frozen	2013	Chris Buck	Animation,Family,Fantasy	animation,family,fantasy
the-wind-rises	The Wind Rises	2013	Hayao Miyazaki	Animation,Drama,History,Romance	animation,romance,drama
big-hero-6	Big Hero 6	2014	Don Hall	Adventure,Family,Animation,Action,Comedy	family,animation,action
how-to-train-your-dragon-2	How to Train Your Dragon 2	2014	Dean DeBlois	Animation,Adventure,Family	animation,fantasy,family
the-tale-of-the-princess-kaguya	The Tale of the Princess Kaguya	2014	Isao Takahata	Animation	animation
inside-out	Inside Out	2015	Pete Docter	Animation,Comedy,Family	animation,family,comedy
zootopia	Zootopia	2016	Byron Howard	Animation,Comedy,Family	animation,family,comedy
finding-dory	Finding Dory	2016	Andrew Stanton	Adventure,Animation,Family	family,animation
your-name	Your Name	2016	Makoto Shinkai	Animation,Romance,Drama	animation,romance,drama
kubo-and-the-two-strings	Kubo and the Two Strings	2016	Travis Knight	Animation,Adventure,Family	family,animation
moana	Moana	2016	Ron Clements	Animation,Adventure,Family	family,animation
the-breadwinner	The Breadwinner	2017	Nora Twomey	Animation,War,Drama	war,animation,drama
incredibles-2	Incredibles 2	2018	Brad Bird	Animation,Action,Family	animation,family,action
isle-of-dogs	Isle of Dogs	2018	Wes Anderson	Adventure,Comedy,Animation	animation,comedy
toy-story-4	Toy Story 4	2019	Josh Cooley	Family,Comedy,Animation,Adventure	family,animation,comedy
how-to-train-your-dragon-the-hidden-world	How to Train Your Dragon The Hidden World	2019	Dean DeBlois	Animation,Adventure,Family	animation,fantasy,family
klaus	Klaus	2019	Sergio Pablos	Animation,Family,Holiday	holiday,animation,family
soul	Soul	2020	Pete Docter	Animation,Family,Fantasy	animation,family,fantasy
wolfwalkers	Wolfwalkers	2020	Tomm Moore	Animation,Family,Adventure,Fantasy	family,fantasy,animation
encanto	Encanto	2021	Jared Bush	Animation,Family,Fantasy	animation,family,fantasy
belle	Belle	2021	Mamoru Hosoda	Animation,Sci-Fi,Drama,Music	scifi,animation,drama
turning-red	Turning Red	2022	Domee Shi	Animation,Family,Comedy,Fantasy	family,fantasy,animation
puss-in-boots-the-last-wish	Puss in Boots The Last Wish	2022	Joel Crawford	Animation,Adventure,Fantasy	animation,fantasy,family
guillermo-del-toros-pinocchio	Guillermo del Toro's Pinocchio	2022	Guillermo del Toro	Animation,Fantasy,Adventure,Drama	fantasy,animation,drama
marcel-the-shell-with-shoes-on	Marcel the Shell with Shoes On	2022	Dean Fleischer Camp	Animation,Comedy,Drama,Family,Fantasy	family,fantasy,animation
the-boy-and-the-heron	The Boy and the Heron	2023	Hayao Miyazaki	Animation,Fantasy,Drama	fantasy,animation,drama
wish	Wish	2023	Chris Buck	Animation,Family,Fantasy	animation,family,fantasy
transformers-one	Transformers One	2024	Josh Cooley	Animation,Sci-Fi,Adventure,Family	family,scifi,animation
kung-fu-panda-4	Kung Fu Panda 4	2024	Mike Mitchell	Animation,Comedy,Adventure,Action,Family	family,animation,action
flow	Flow	2024	Gints Zilbalodis	Adventure,Animation,Family,Fantasy	family,fantasy,animation
wallace-and-gromit-vengeance-most-fowl	Wallace and Gromit Vengeance Most Fowl	2024	Nick Park	Animation,Adventure,Comedy,Sci-Fi,Family	family,scifi,animation
memoir-of-a-snail	Memoir of a Snail	2024	Adam Elliot	Animation,Comedy,Drama	animation,comedy,drama
despicable-me-4	Despicable Me 4	2024	Chris Renaud	Animation,Comedy,Action,Sci-Fi,Family	family,scifi,animation
elio	Elio	2025	Domee Shi	Animation,Adventure,Sci-Fi,Family,Comedy	family,scifi,animation
holiday-inn	Holiday Inn	1942	Mark Sandrich	Musical,Comedy,Holiday	holiday,musical,classics
meet-me-in-st-louis	Meet Me in St Louis	1944	Vincente Minnelli	Musical,Romance,Holiday	family,holiday,musical
its-a-wonderful-life-1946	It's a Wonderful Life	1946	Frank Capra	Drama,Family,Holiday	holiday,family,classics
miracle-on-34th-street	Miracle on 34th Street	1947	George Seaton	Comedy,Drama,Family	family,holiday,comedy
scrooge	Scrooge	1951	Brian Desmond Hurst	Fantasy,Drama,Holiday	holiday,classics,fantasy
white-christmas	White Christmas	1954	Michael Curtiz	Musical,Comedy,Holiday	holiday,musical,classics
scrooged-1988	Scrooged	1988	Richard Donner	Fantasy,Comedy,Drama	fantasy,holiday,comedy
national-lampoons-christmas-vacation	National Lampoon's Christmas Vacation	1989	Chris Columbus	Comedy,Holiday	holiday,comedy
home-alone-2-lost-in-new-york	Home Alone 2 Lost in New York	1992	Chris Columbus	Comedy,Family,Holiday	holiday,family,comedy
addams-family-values	Addams Family Values	1993	Barry Sonnenfeld	Comedy,Family,Fantasy	family,fantasy,holiday
hocus-pocus	Hocus Pocus	1993	Kenny Ortega	Fantasy,Comedy,Family	family,fantasy,holiday
the-santa-clause	The Santa Clause	1994	John Pasquin	Fantasy,Drama,Comedy,Family	family,fantasy,holiday
elf-2003	Elf	2003	Jon Favreau	Comedy,Family,Holiday	holiday,comedy,family
the-polar-express	The Polar Express	2004	Robert Zemeckis	Adventure,Animation,Family,Fantasy	family,holiday,animation
monster-house	Monster House	2007	Gil Kenan	Animation,Comedy,Family,Fantasy,Horror	family,holiday,animation
arthur-christmas	Arthur Christmas	2011	Sarah Smith	Drama,Animation,Family,Comedy	family,holiday,animation
rare-exports	Rare Exports	2015	Jalmari Helander	Comedy,Horror,Holiday	holiday,horror,comedy
the-grinch	The Grinch	2018	Scott Mosier	Animation,Comedy,Family,Fantasy	family,holiday,animation
violent-night	Violent Night	2022	Tommy Wirkola	Action,Comedy,Holiday	holiday,action,comedy
red-one	Red One	2024	Jake Kasdan	Action,Adventure,Comedy,Fantasy	fantasy,holiday,action
remember-the-night	Remember the Night	1940	Mitchell Leisen	Comedy,Romance,Drama	holiday,comedy,romance
the-man-who-came-to-dinner	The Man Who Came to Dinner	1942	William Keighley	Comedy	holiday,comedy,classics
christmas-in-connecticut	Christmas in Connecticut	1945	Peter Godfrey	Comedy,Romance	holiday,comedy,romance
the-bishops-wife	The Bishop's Wife	1947	Henry Koster	Comedy,Fantasy,Drama,Romance	fantasy,holiday,comedy
it-happened-on-fifth-avenue	It Happened on Fifth Avenue	1947	Roy Del Ruth	Comedy,Romance,Music	holiday,comedy,romance
holiday-affair	Holiday Affair	1949	Don Hartman	Comedy,Romance,Drama	holiday,comedy,romance
the-lemon-drop-kid	The Lemon Drop Kid	1951	Sidney Lanfield	Comedy,Crime	holiday,comedy,crime
were-no-angels	We're No Angels	1955	Michael Curtiz	Comedy,Crime	holiday,comedy,crime
babes-in-toyland	Babes in Toyland	1961	Jack Donohue	Comedy,Fantasy,Family,Music	family,fantasy,holiday
rudolph-the-red-nosed-reindeer	Rudolph the Red-Nosed Reindeer	1964	Larry Roemer	Animation,Family,Adventure,Fantasy	family,holiday,animation
a-charlie-brown-christmas	A Charlie Brown Christmas	1965	Bill Melendez	Animation,Family,Comedy,TV Movie	family,holiday,animation
how-the-grinch-stole-christmas-1966	How the Grinch Stole Christmas	1966	Chuck Jones	Animation,Family,Holiday	holiday,animation,family
frosty-the-snowman	Frosty the Snowman	1969	Jules Bass	Family,Animation,TV Movie	family,holiday,animation
santa-claus-is-comin-to-town	Santa Claus Is Comin' to Town	1970	Jules Bass	Animation,Family,Fantasy,TV Movie	family,holiday,animation
scrooge-1970	Scrooge	1970	Ronald Neame	Fantasy,Drama,Family	family,fantasy,holiday
the-year-without-a-santa-claus	The Year Without a Santa Claus	1974	Jules Bass	Animation,Family,TV Movie,Fantasy	family,holiday,animation
the-silent-partner	The Silent Partner	1978	Daryl Duke	Drama,Thriller	holiday,thriller,drama
santa-claus-the-movie	Santa Claus The Movie	1985	Jeannot Szwarc	Family,Fantasy,Adventure	family,fantasy,holiday
ernest-saves-christmas	Ernest Saves Christmas	1988	John R. Cherry III	Comedy,Family	family,holiday,comedy
prancer	Prancer	1989	John D. Hancock	Family,Drama,Fantasy	family,fantasy,holiday
all-i-want-for-christmas	All I Want for Christmas	1991	Robert Lieberman	Family,Drama,Comedy	family,holiday,comedy
the-muppet-christmas-carol	The Muppet Christmas Carol	1992	Brian Henson	Comedy,Family,Holiday	holiday,family,comedy
batman-returns	Batman Returns	1992	Tim Burton	Action,Fantasy	fantasy,holiday,action
mixed-nuts	Mixed Nuts	1994	Nora Ephron	Comedy,Drama,Romance	holiday,comedy,romance
the-ref	The Ref	1994	Ted Demme	Comedy,Crime,Drama	holiday,comedy,crime
miracle-on-34th-street-1994	Miracle on 34th Street	1994	Les Mayfield	Fantasy,Drama,Family	family,fantasy,holiday
home-for-the-holidays	Home for the Holidays	1995	Jodie Foster	Comedy,Drama,Romance	holiday,comedy,romance
while-you-were-sleeping	While You Were Sleeping	1995	Jon Turteltaub	Romance,Comedy	holiday,comedy,romance
jingle-all-the-way	Jingle All the Way	1996	Brian Levant	Family,Adventure,Comedy	family,holiday,comedy
home-alone-3	Home Alone 3	1997	Raja Gosnell	Comedy,Family,Holiday	holiday,family,comedy
jack-frost	Jack Frost	1998	Troy Miller	Comedy,Family,Drama,Fantasy	family,fantasy,holiday
ill-be-home-for-christmas	I'll Be Home for Christmas	1998	Arlene Sanford	Comedy,Family	family,holiday,comedy
youve-got-mail	You've Got Mail	1998	Nora Ephron	Comedy,Romance	holiday,comedy,romance
eyes-wide-shut	Eyes Wide Shut	1999	Stanley Kubrick	Drama,Thriller,Mystery	holiday,thriller,drama
the-family-man	The Family Man	2000	Brett Ratner	Comedy,Drama,Romance,Fantasy	fantasy,holiday,comedy
serendipity	Serendipity	2001	Peter Chelsom	Comedy,Romance	holiday,comedy,romance
the-santa-clause-2	The Santa Clause 2	2002	Michael Lembeck	Fantasy,Comedy,Family	family,fantasy,holiday
bad-santa	Bad Santa	2003	Terry Zwigoff	Drama,Comedy,Crime	holiday,comedy,crime
pieces-of-april	Pieces of April	2003	Peter Hedges	Comedy,Drama	holiday,comedy,drama
christmas-with-the-kranks	Christmas with the Kranks	2004	Joe Roth	Comedy,Family	family,holiday,comedy
the-family-stone	The Family Stone	2005	Thomas Bezucha	Comedy,Drama,Romance	holiday,comedy,romance
just-friends	Just Friends	2005	Roger Kumble	Comedy,Romance	holiday,comedy,romance
the-holiday	The Holiday	2006	Nancy Meyers	Comedy,Romance,Holiday	holiday,romance,comedy
the-santa-clause-3	The Santa Clause 3	2006	Michael Lembeck	Comedy,Family,Adventure	family,holiday,comedy
black-christmas-2006	Black Christmas	2006	Glen Morgan	Horror,Holiday	holiday,horror
unaccompanied-minors	Unaccompanied Minors	2006	Paul Feig	Family,Comedy	family,holiday,comedy
fred-claus	Fred Claus	2007	David Dobkin	Action,Comedy,Drama	holiday,action,comedy
this-christmas	This Christmas	2007	Preston A. Whitmore II	Comedy,Drama,Romance	holiday,comedy,romance
four-christmases	Four Christmases	2008	Seth Gordon	Comedy,Romance,Drama	holiday,comedy,romance
a-christmas-carol	A Christmas Carol	2009	Robert Zemeckis	Animation,Drama,Family,Fantasy	family,holiday,animation
rise-of-the-guardians	Rise of the Guardians	2012	Peter Ramsey	Action,Adventure,Animation,Family,Fantasy	family,holiday,animation
the-best-man-holiday	The Best Man Holiday	2013	Malcolm D. Lee	Comedy	holiday,comedy
krampus	Krampus	2015	Michael Dougherty	Comedy,Horror,Holiday	holiday,horror,comedy
the-night-before	The Night Before	2015	Jonathan Levine	Comedy,Adventure,Fantasy	fantasy,holiday,comedy
office-christmas-party	Office Christmas Party	2016	Josh Gordon	Comedy	holiday,comedy
bad-santa-2	Bad Santa 2	2016	Mark Waters	Comedy,Crime,Mystery	holiday,comedy,crime
better-watch-out	Better Watch Out	2016	Chris Peckover	Horror,Thriller,Comedy	horror,holiday,comedy
anna-and-the-apocalypse	Anna and the Apocalypse	2017	John McPhail	Horror,Musical,Holiday	holiday,horror,musical
the-star	The Star	2017	Timothy Reckart	Animation,Comedy,Adventure,Family,Fantasy	family,holiday,animation
the-christmas-chronicles	The Christmas Chronicles	2018	Clay Kaytis	Comedy,Adventure,Family,Fantasy	family,fantasy,holiday
last-christmas	Last Christmas	2019	Paul Feig	Comedy,Drama,Romance	holiday,comedy,romance
noelle	Noelle	2019	Marc Lawrence	Family,Comedy,Fantasy	family,fantasy,holiday
black-christmas-2019	Black Christmas	2019	Sophia Takal	Horror,Holiday	holiday,horror
happiest-season	Happiest Season	2020	Clea DuVall	Romance,Comedy	holiday,comedy,romance
the-christmas-chronicles-2	The Christmas Chronicles 2	2020	Chris Columbus	Family,Fantasy,Adventure,Comedy	family,fantasy,holiday
fatman	Fatman	2020	Eshom Nelms	Action,Fantasy,Comedy	fantasy,holiday,action
holidate	Holidate	2020	John Whitesell	Comedy,Romance	holiday,comedy,romance
jingle-jangle	Jingle Jangle	2020	David E. Talbert	Family,Fantasy,Music	family,fantasy,holiday
8-bit-christmas	8-Bit Christmas	2021	Michael Dowse	Comedy,Family,Holiday	holiday,family,comedy
a-boy-called-christmas	A Boy Called Christmas	2021	Gil Kenan	Family,Adventure,Fantasy	family,fantasy,holiday
single-all-the-way	Single All the Way	2021	Michael Mayer	Romance,Comedy	holiday,comedy,romance
spirited	Spirited	2022	Sean Anders	Comedy,Musical,Holiday	holiday,musical,comedy
a-christmas-story-christmas	A Christmas Story Christmas	2022	Clay Kaytis	Comedy,Family,Holiday	holiday,family,comedy
falling-for-christmas	Falling for Christmas	2022	Janeen Damian	Romance,Comedy,Family	family,holiday,comedy
candy-cane-lane	Candy Cane Lane	2023	Reginald Hudlin	Comedy,Fantasy,Family	family,fantasy,holiday
family-switch	Family Switch	2023	McG	Comedy,Fantasy,Family	family,fantasy,holiday
genie	Genie	2023	Sam Boyd	Fantasy,Comedy	fantasy,holiday,comedy
the-best-christmas-pageant-ever	The Best Christmas Pageant Ever	2024	Dallas Jenkins	Comedy,Drama,Family	family,holiday,comedy
that-christmas	That Christmas	2024	Simon Otto	Animation,Comedy,Family,Fantasy,Adventure	family,holiday,animation
hot-frosty	Hot Frosty	2024	Jerry Ciccoritti	Romance,Comedy	holiday,comedy,romance
our-little-secret	Our Little Secret	2024	Stephen Herek	Romance,Comedy,Drama	holiday,comedy,romance
m	M	1931	Fritz Lang	Drama,Thriller,Crime	crime,thriller,classics
the-public-enemy	The Public Enemy	1931	William A. Wellman	Crime,Drama	crime,classics,drama
scarface	Scarface	1932	Howard Hawks	Crime,Action,Drama,Thriller	action,crime,thriller
the-killers	The Killers	1946	Robert Siodmak	Crime,Mystery,Thriller	crime,thriller,classics
out-of-the-past	Out of the Past	1947	Jacques Tourneur	Crime	classics,crime
white-heat	White Heat	1949	Raoul Walsh	Crime,Drama,Thriller	crime,thriller,classics
the-asphalt-jungle	The Asphalt Jungle	1950	John Huston	Crime,Drama	crime,classics,drama
the-killing	The Killing	1956	Stanley Kubrick	Crime,Thriller,Drama	crime,thriller,classics
sweet-smell-of-success	Sweet Smell of Success	1957	Alexander Mackendrick	Drama	classics,drama
oceans-11	Ocean's 11	1960	Lewis Milestone	Crime,Comedy,Thriller	comedy,crime,thriller
bullitt	Bullitt	1968	Peter Yates	Action,Crime,Thriller	action,crime,thriller
the-italian-job	The Italian Job	1969	Peter Collinson	Crime,Comedy,Thriller	comedy,crime,thriller
get-carter	Get Carter	1971	Mike Hodges	Crime,Thriller	crime,thriller,classics
shaft	Shaft	1971	Gordon Parks	Crime,Thriller,Drama,Action	action,crime,thriller
the-long-good-friday	The Long Good Friday	1980	John Mackenzie	Crime,Thriller,Drama	crime,thriller,drama
thief	Thief	1981	Michael Mann	Crime,Thriller,Drama	crime,thriller,drama
blood-simple	Blood Simple	1984	Joel Coen	Crime,Drama,Thriller	crime,thriller,drama
to-live-and-die-in-l-a	To Live and Die in L.A.	1985	William Friedkin	Crime,Thriller,Action	action,crime,thriller
at-close-range	At Close Range	1986	James Foley	Crime,Drama,Thriller	crime,thriller,drama
king-of-new-york	King of New York	1990	Abel Ferrara	Crime	crime,thriller
carlitos-way	Carlito's Way	1993	Brian De Palma	Crime,Drama,Thriller	crime,thriller,drama
casino	Casino	1995	Martin Scorsese	Crime	crime,drama
donnie-brasco	Donnie Brasco	1997	Mike Newell	Crime,Drama,Thriller	crime,thriller,drama
ronin	Ronin	1998	John Frankenheimer	Action,Thriller,Crime	action,crime,thriller
payback	Payback	1999	Brian Helgeland	Action,Drama,Crime,Thriller	action,crime,thriller
the-limey	The Limey	1999	Steven Soderbergh	Crime,Drama,Thriller	crime,thriller,drama
narc	Narc	2002	Joe Carnahan	Crime	crime,thriller
25th-hour	25th Hour	2002	Spike Lee	Crime	crime,drama
layer-cake	Layer Cake	2004	Matthew Vaughn	Drama,Thriller,Crime	crime,thriller,drama
american-gangster	American Gangster	2007	Ridley Scott	Crime	crime,drama
gone-baby-gone	Gone Baby Gone	2007	Ben Affleck	Crime	crime,drama
public-enemies	Public Enemies	2009	Michael Mann	Crime	crime,drama
animal-kingdom	Animal Kingdom	2010	David Michod	Crime	crime,drama
end-of-watch	End of Watch	2012	David Ayer	Crime,Drama,Thriller	crime,thriller,drama
lawless	Lawless	2012	John Hillcoat	Crime,Drama,Western	western,crime,drama
the-place-beyond-the-pines	The Place Beyond the Pines	2012	Derek Cianfrance	Crime	crime,drama
good-time	Good Time	2017	Benny Safdie	Crime,Thriller,Drama	crime,thriller,drama
the-gentlemen	The Gentlemen	2019	Guy Ritchie	Action,Comedy,Crime	action,comedy,crime
the-many-saints-of-newark	The Many Saints of Newark	2021	Alan Taylor	Crime	crime,drama
no-sudden-move	No Sudden Move	2021	Steven Soderbergh	Crime	crime,thriller
emily-the-criminal	Emily the Criminal	2022	John Patton Ford	Crime,Drama,Thriller	crime,thriller,drama
the-killer	The Killer	2023	David Fincher	Crime	crime,thriller
the-order	The Order	2024	Justin Kurzel	Crime,Drama,Thriller	crime,thriller,drama
rebel-ridge	Rebel Ridge	2024	Jeremy Saulnier	Crime,Action,Thriller,Drama	action,crime,thriller
logans-run	Logan's Run	1976	Michael Anderson	Sci-Fi	scifi,action
brazil	Brazil	1985	Terry Gilliam	Sci-Fi	scifi,cult
they-live-1988	They Live	1988	John Carpenter	Sci-Fi	scifi,cult
dark-city-1998	Dark City	1998	Alex Proyas	Sci-Fi	scifi
pitch-black	Pitch Black	2000	David Twohy	Thriller,Sci-Fi,Action	scifi,action,thriller
serenity	Serenity	2005	Joss Whedon	Sci-Fi,Action,Adventure,Thriller	scifi,action,thriller
sunshine	Sunshine	2007	Danny Boyle	Sci-Fi	scifi,thriller
moon	Moon	2009	Duncan Jones	Sci-Fi	scifi,drama
ex-machina-2014	Ex Machina	2014	Alex Garland	Sci-Fi	scifi,drama
the-creator	The Creator	2023	Gareth Edwards	Sci-Fi	scifi,action
tron-ares	Tron Ares	2025	Joachim Ronning	Sci-Fi,Adventure,Action	scifi,action,new
breakfast-at-tiffanys	Breakfast at Tiffany's	1961	Blake Edwards	Comedy,Romance,Drama	comedy,romance,classics
the-umbrellas-of-cherbourg	The Umbrellas of Cherbourg	1964	Jacques Demy	Drama,Romance	romance,classics,drama
the-way-we-were	The Way We Were	1973	Sydney Pollack	Drama,Romance	romance,classics,drama
manhattan	Manhattan	1979	Woody Allen	Comedy,Drama,Romance	comedy,romance,drama
four-weddings-and-a-funeral	Four Weddings and a Funeral	1994	Mike Newell	Comedy,Drama,Romance	comedy,romance,drama
together	Together	2025	Michael Shanks	Horror,Romance	horror,romance,new
the-conjuring-last-rites	The Conjuring Last Rites	2025	Michael Chaves	Horror	horror,new
black-phone-2	Black Phone 2	2025	Scott Derrickson	Horror,Thriller	horror,thriller,new
the-long-walk	The Long Walk	2025	Francis Lawrence	Sci-Fi,Thriller,Horror	horror,scifi,thriller
dangerous-animals	Dangerous Animals	2025	Sean Byrne	Horror,Thriller	horror,thriller,new
opus	Opus	2025	Mark Anthony Green	Horror,Mystery,Thriller	horror,thriller,new
the-woman-in-the-yard	The Woman in the Yard	2025	Jaume Collet-Serra	Horror	horror,new
clown-in-a-cornfield	Clown in a Cornfield	2025	Eli Craig	Horror,Mystery,Thriller	horror,thriller,new
i-know-what-you-did-last-summer	I Know What You Did Last Summer	2025	Jennifer Kaytin Robinson	Horror,Thriller,Mystery	horror,thriller,new
five-nights-at-freddys-2	Five Nights at Freddy's 2	2025	Emma Tammi	Horror,Thriller	horror,thriller,new
keeper	Keeper	2025	Osgood Perkins	Horror	horror,new
good-boy	Good Boy	2025	Ben Leonberg	Horror	horror,new
him	Him	2025	Justin Tipping	Horror,Mystery,Thriller	horror,thriller,new
juror-no-2	Juror No 2	2024	Clint Eastwood	Drama,Thriller	thriller,drama,new
carry-on	Carry-On	2024	Jaume Collet-Serra	Thriller,Action	action,thriller,new
blink-twice	Blink Twice	2024	Zoe Kravitz	Mystery,Thriller,Horror	horror,thriller,new
woman-of-the-hour	Woman of the Hour	2024	Anna Kendrick	Crime,Drama,Thriller	crime,thriller,drama
black-bag	Black Bag	2025	Steven Soderbergh	Drama,Mystery,Thriller	thriller,drama,new
the-amateur	The Amateur	2025	James Hawes	Thriller,Action	action,thriller,new
kraven-the-hunter	Kraven the Hunter	2024	J.C. Chandor	Action,Adventure,Thriller	action,thriller,new
venom-the-last-dance	Venom The Last Dance	2024	Kelly Marcel	Sci-Fi,Action,Adventure	scifi,action,new
sonic-the-hedgehog-3	Sonic the Hedgehog 3	2024	Jeff Fowler	Action,Sci-Fi,Comedy,Family	family,scifi,action
ballerina	Ballerina	2025	Len Wiseman	Action,Thriller,Crime	action,crime,thriller
thunderbolts	Thunderbolts	2025	Jake Schreier	Action,Sci-Fi,Adventure	scifi,action,new
the-accountant-2	The Accountant 2	2025	Gavin O'Connor	Mystery,Crime,Thriller	crime,thriller,new
novocaine	Novocaine	2025	Dan Berk	Action,Comedy,Thriller	action,comedy,thriller
a-working-man	A Working Man	2025	David Ayer	Action,Crime,Thriller	action,crime,thriller
nobody-2	Nobody 2	2025	Timo Tjahjanto	Action,Thriller,Crime	action,crime,thriller
karate-kid-legends	Karate Kid Legends	2025	Jonathan Entwistle	Action,Adventure,Drama	action,drama,new
warfare	Warfare	2025	Alex Garland	War,Action	war,action,new
captain-america-brave-new-world	Captain America Brave New World	2025	Julius Onah	Action,Thriller,Sci-Fi	scifi,action,thriller
saturday-night	Saturday Night	2024	Jason Reitman	Comedy,Drama	comedy,drama,new
my-old-ass	My Old Ass	2024	Megan Park	Drama,Comedy	comedy,drama,new
lilo-and-stitch	Lilo and Stitch	2025	Dean Fleischer Camp	Comedy,Family,Sci-Fi	family,comedy,scifi
freakier-friday	Freakier Friday	2025	Nisha Ganatra	Comedy,Fantasy,Family	family,fantasy,comedy
paddington-in-peru	Paddington in Peru	2025	Dougal Wilson	Comedy,Family,Adventure	family,comedy
mufasa-the-lion-king	Mufasa The Lion King	2024	Barry Jenkins	Adventure,Family,Animation	family,animation,new
the-bad-guys-2	The Bad Guys 2	2025	Pierre Perifel	Family,Comedy,Crime,Adventure,Animation,Action	family,animation,action
dog-man	Dog Man	2025	Peter Hastings	Family,Comedy,Adventure,Animation,Action	family,animation,action
joker-folie-a-deux	Joker Folie a Deux	2024	Todd Phillips	Drama,Crime,Thriller	crime,thriller,drama
a-different-man	A Different Man	2024	Aaron Schimberg	Comedy,Drama	comedy,drama,new
the-apprentice	The Apprentice	2024	Ali Abbasi	History,Drama,Comedy	comedy,drama,new
hard-truths	Hard Truths	2024	Mike Leigh	Drama,Comedy	comedy,drama,new
im-still-here	I'm Still Here	2024	Walter Salles	Drama,History	drama,new
the-seed-of-the-sacred-fig	The Seed of the Sacred Fig	2024	Mohammad Rasoulof	Drama,Thriller,Crime	crime,thriller,drama
kinds-of-kindness	Kinds of Kindness	2024	Yorgos Lanthimos	Comedy,Drama	comedy,drama,new
one-battle-after-another	One Battle After Another	2025	Paul Thomas Anderson	Thriller,Crime,Comedy	comedy,crime,thriller
the-smashing-machine	The Smashing Machine	2025	Benny Safdie	Drama,History,Action	action,drama,new
frankenstein-2025	Frankenstein	2025	Guillermo del Toro	Horror,Drama	fantasy,horror,new
marty-supreme	Marty Supreme	2025	Josh Safdie	Drama,Thriller	thriller,drama,new
the-sandlot-1993	The Sandlot	1993	David Mickey Evans	Family,Comedy,Drama	sports,family,comedy
hook-1991	Hook	1991	Steven Spielberg	Adventure,Fantasy,Comedy,Family	fantasy,family,comedy
willow-1988	Willow	1988	Ron Howard	Fantasy,Adventure,Action	fantasy,family,action
matilda-1996	Matilda	1996	Danny DeVito	Comedy,Family,Fantasy	family,comedy,fantasy
jumanji-1995	Jumanji	1995	Joe Johnston	Adventure,Fantasy,Family	fantasy,family
dennis-the-menace-1993	Dennis the Menace	1993	Nick Castle	Family,Comedy	family,comedy
little-monsters-1989	Little Monsters	1989	Richard Greenberg	Adventure,Fantasy,Comedy,Family	family,comedy,fantasy
honey-i-shrunk-the-kids-1989	Honey, I Shrunk the Kids	1989	Joe Johnston	Adventure,Comedy,Family,Sci-Fi	family,comedy,scifi
the-neverending-story-1984	The NeverEnding Story	1984	Wolfgang Petersen	Adventure,Fantasy,Family	fantasy,family
flight-of-the-navigator-1986	Flight of the Navigator	1986	Randal Kleiser	Family,Sci-Fi,Adventure	family,scifi
batteries-not-included-1987	*batteries not included	1987	Matthew Robbins	Family,Comedy,Fantasy,Sci-Fi	family,scifi,comedy
explorers-1985	Explorers	1985	Joe Dante	Sci-Fi,Adventure,Family	family,scifi
return-to-oz-1985	Return to Oz	1985	Walter Murch	Adventure,Family,Fantasy	fantasy,family
ladyhawke-1985	Ladyhawke	1985	Richard Donner	Adventure,Comedy,Fantasy	fantasy,romance,comedy
the-secret-garden-1993	The Secret Garden	1993	Agnieszka Holland	Drama,Family,Fantasy	family,drama,fantasy
a-little-princess-1995	A Little Princess	1995	Alfonso Cuarón	Drama,Family,Fantasy	family,drama,fantasy
casper-1995	Casper	1995	Brad Silberling	Fantasy,Comedy,Family	family,fantasy,comedy
the-witches-1990	The Witches	1990	Nicolas Roeg	Fantasy,Family,Horror	family,fantasy,horror
drop-dead-fred-1991	Drop Dead Fred	1991	Ate de Jong	Comedy,Fantasy,Family,Drama	comedy,fantasy,cult
bill-and-teds-bogus-journey-1991	Bill & Ted's Bogus Journey	1991	Peter Hewitt	Adventure,Comedy,Fantasy	comedy,scifi,fantasy
the-burbs-1989	The 'Burbs	1989	Joe Dante	Comedy,Horror,Thriller	comedy,thriller,horror
pump-up-the-volume-1990	Pump Up the Volume	1990	Allan Moyle	Music,Drama	drama,indie,musical
cant-buy-me-love-1987	Can't Buy Me Love	1987	Steve Rash	Comedy,Romance	romance,comedy
some-kind-of-wonderful-1987	Some Kind of Wonderful	1987	Howard Deutch	Romance,Comedy	romance,drama,comedy
bull-durham-1988	Bull Durham	1988	Ron Shelton	Comedy,Romance	sports,comedy,romance
major-league-1989	Major League	1989	David S. Ward	Comedy	sports,comedy
rudy-1993	Rudy	1993	David Anspaugh	Drama,History	sports,drama
remember-the-titans-2000	Remember the Titans	2000	Boaz Yakin	Drama	sports,drama
friday-night-lights-2004	Friday Night Lights	2004	Peter Berg	Drama	sports,drama
miracle-2004	Miracle	2004	Gavin O'Connor	Drama,History	sports,drama
the-mighty-ducks-1992	The Mighty Ducks	1992	Stephen Herek	Comedy,Drama,Family	sports,family,comedy
space-jam-1996	Space Jam	1996	Joe Pytka	Family,Sci-Fi,Fantasy,Comedy	sports,animation,family
white-men-cant-jump-1992	White Men Can't Jump	1992	Ron Shelton	Comedy,Drama	sports,comedy,drama
hoosiers-1986	Hoosiers	1986	David Anspaugh	Drama,Family	sports,drama,family
breaking-away-1979	Breaking Away	1979	Peter Yates	Drama,Comedy	sports,drama,comedy
chariots-of-fire-1981	Chariots of Fire	1981	Hugh Hudson	Drama,History	sports,drama
rocky-iii-1982	Rocky III	1982	Sylvester Stallone	Drama,Action	sports,drama,action
creed-ii-2018	Creed II	2018	Steven Caple Jr.	Drama,Action	sports,drama,action
dodgeball-a-true-underdog-story-2004	DodgeBall: A True Underdog Story	2004	Rawson Marshall Thurber	Comedy	sports,comedy
cool-runnings-1993	Cool Runnings	1993	Jon Turteltaub	Comedy,Adventure,Drama	sports,comedy,family
warrior-2011	Warrior	2011	Gavin O'Connor	Drama,Action	sports,drama,action
jerry-maguire-1996	Jerry Maguire	1996	Cameron Crowe	Comedy,Drama,Romance	sports,romance,comedy
blades-of-glory-2007	Blades of Glory	2007	Josh Gordon	Comedy	sports,comedy
semi-pro-2008	Semi-Pro	2008	Kent Alterman	Comedy	sports,comedy
coach-carter-2005	Coach Carter	2005	Thomas Carter	Drama,History	sports,drama
we-are-marshall-2006	We Are Marshall	2006	McG	Drama,History	sports,drama
glory-road-2006	Glory Road	2006	James Gartner	Drama,History	sports,drama
any-given-sunday-1999	Any Given Sunday	1999	Oliver Stone	Drama	sports,drama
tin-cup-1996	Tin Cup	1996	Ron Shelton	Romance,Comedy	sports,comedy,romance
invictus-2009	Invictus	2009	Clint Eastwood	Drama,History	sports,drama
mcfarland-usa-2015	McFarland, USA	2015	Niki Caro	Drama,Family	sports,drama,family
the-sound-of-music-1965	The Sound of Music	1965	Robert Wise	Drama,Family,Music,Romance	musical,family,classics
mary-poppins-1964	Mary Poppins	1964	Robert Stevenson	Comedy,Family,Fantasy	musical,family,classics
chicago-2002	Chicago	2002	Rob Marshall	Comedy,Crime,Drama	musical,crime,comedy
cabaret-1972	Cabaret	1972	Bob Fosse	Music,Romance,Drama	musical,classics,romance
the-greatest-showman-2017	The Greatest Showman	2017	Michael Gracey	Drama	musical,drama
high-school-musical-2006	High School Musical	2006	Kenny Ortega	Comedy,Family,Music,Romance	musical,family,romance
fiddler-on-the-roof-1971	Fiddler on the Roof	1971	Norman Jewison	Drama,Romance	musical,classics,romance
my-fair-lady-1964	My Fair Lady	1964	George Cukor	Comedy,Romance,Music	musical,romance,classics
oliver-1968	Oliver!	1968	Carol Reed	Drama,Family	musical,family,classics
annie-1982	Annie	1982	John Huston	Comedy,Drama,Family	musical,family,comedy
hairspray-2007	Hairspray	2007	Adam Shankman	Comedy,Romance,Drama	musical,comedy,romance
dreamgirls-2006	Dreamgirls	2006	Bill Condon	Drama,Music	musical,drama
les-miserables-2012	Les Misérables	2012	Tom Hooper	History,Drama	musical,drama
into-the-woods-2014	Into the Woods	2014	Rob Marshall	Fantasy,Comedy	musical,fantasy,comedy
all-that-jazz-1979	All That Jazz	1979	Bob Fosse	Drama	musical,drama,classics
rocketman-2019	Rocketman	2019	Dexter Fletcher	Music,Drama	musical,drama
bohemian-rhapsody-2018	Bohemian Rhapsody	2018	Bryan Singer	Music,Drama	musical,drama
tick-tick-boom-2021	tick, tick... BOOM!	2021	Lin-Manuel Miranda	Drama,Music	musical,drama,indie
in-the-heights-2021	In the Heights	2021	Jon M. Chu	Drama,Romance	musical,drama,romance
the-searchers-1956	The Searchers	1956	John Ford	Western	western,classics
tombstone-1993	Tombstone	1993	George P. Cosmatos	Western,Action	western,action
the-magnificent-seven-1960	The Magnificent Seven	1960	John Sturges	Western	western,action,classics
butch-cassidy-and-the-sundance-kid-1969	Butch Cassidy and the Sundance Kid	1969	George Roy Hill	Western,Crime,Drama	western,comedy,classics
the-hateful-eight-2015	The Hateful Eight	2015	Quentin Tarantino	Drama,Mystery,Western	western,thriller,crime
stagecoach-1939	Stagecoach	1939	John Ford	Western	western,classics
once-upon-a-time-in-the-west-1968	Once Upon a Time in the West	1968	Sergio Leone	Drama,Western	western,classics,drama
the-good-the-bad-and-the-ugly-1966	The Good, the Bad and the Ugly	1966	Sergio Leone	Western	western,classics
for-a-few-dollars-more-1965	For a Few Dollars More	1965	Sergio Leone	Western	western,classics
a-fistful-of-dollars-1964	A Fistful of Dollars	1964	Sergio Leone	Western	western,classics
rio-bravo-1959	Rio Bravo	1959	Howard Hawks	Western,Drama	western,classics,drama
3-10-to-yuma-2007	3:10 to Yuma	2007	James Mangold	Western	western,thriller
the-assassination-of-jesse-james-by-the-coward-robert-ford-2007	The Assassination of Jesse James by the Coward Robert Ford	2007	Andrew Dominik	Drama,Western	western,drama
the-wild-bunch-1969	The Wild Bunch	1969	Sam Peckinpah	Western	western,classics
shane-1953	Shane	1953	George Stevens	Drama,Western	western,classics,drama
open-range-2003	Open Range	2003	Kevin Costner	Western	western,drama
bone-tomahawk-2015	Bone Tomahawk	2015	S. Craig Zahler	Drama,Horror,Western	western,horror,drama
hostiles-2017	Hostiles	2017	Scott Cooper	Drama,Western,History,Adventure	western,drama
the-ballad-of-buster-scruggs-2018	The Ballad of Buster Scruggs	2018	Joel Coen	Western,Comedy,Drama	western,comedy,indie
slow-west-2015	Slow West	2015	John Maclean	Western,Drama,Adventure,Romance	western,indie,romance
the-proposition-2005	The Proposition	2005	John Hillcoat	Western,Drama	western,crime,drama
das-boot-1981	Das Boot	1981	Wolfgang Petersen	Drama,History,War	war,thriller,drama
jarhead-2005	Jarhead	2005	Sam Mendes	Drama,War	war,drama
hamburger-hill-1987	Hamburger Hill	1987	John Irvin	War,Action,Drama	war,action,drama
glory-1989	Glory	1989	Edward Zwick	Drama,History,War	war,drama
the-patriot-2000	The Patriot	2000	Roland Emmerich	Drama,History,War,Action	war,action,drama
enemy-at-the-gates-2001	Enemy at the Gates	2001	Jean-Jacques Annaud	War,History	war,drama
the-great-escape-1963	The Great Escape	1963	John Sturges	Adventure,Drama,War	war,classics,drama
a-bridge-too-far-1977	A Bridge Too Far	1977	Richard Attenborough	Drama,History,War	war,drama
good-morning-vietnam-1987	Good Morning, Vietnam	1987	Barry Levinson	Comedy,Drama,War	war,comedy,drama
north-by-northwest-1959	North by Northwest	1959	Alfred Hitchcock	Thriller,Adventure	thriller,classics
rosemary-s-baby-1968	Rosemary's Baby	1968	Roman Polanski	Drama,Horror,Thriller	horror,classics,thriller
easy-rider-1969	Easy Rider	1969	Dennis Hopper	Adventure,Drama	drama,cult,classics
el-topo-1970	El Topo	1970	Alejandro Jodorowsky	Adventure,Drama,Western	cult,western,drama
pink-flamingos-1972	Pink Flamingos	1972	John Waters	Comedy,Crime	cult,comedy,crime
the-holy-mountain-1973	The Holy Mountain	1973	Alejandro Jodorowsky	Drama	cult,fantasy,drama
phantom-of-the-paradise-1974	Phantom of the Paradise	1974	Brian De Palma	Comedy,Drama,Horror,Music	cult,musical,horror
assault-on-precinct-13-1976	Assault on Precinct 13	1976	John Carpenter	Thriller,Action,Crime	cult,action,thriller
eraserhead-1977	Eraserhead	1977	David Lynch	Horror,Sci-Fi	cult,horror,scifi
cannibal-holocaust-1980	Cannibal Holocaust	1980	Ruggero Deodato	Horror	horror,cult
city-of-the-living-dead-1980	City of the Living Dead	1980	Lucio Fulci	Horror,Fantasy,Mystery	horror,cult,fantasy
inferno-1980	Inferno	1980	Dario Argento	Horror,Thriller	horror,thriller
liquid-sky-1982	Liquid Sky	1982	Slava Tsukerman	Sci-Fi,Thriller,Drama	cult,scifi,thriller
tenebre-1982	Tenebre	1982	Dario Argento	Horror,Mystery,Thriller	horror,thriller
the-toxic-avenger-1984	The Toxic Avenger	1984	Lloyd Kaufman	Action,Comedy,Horror,Sci-Fi	horror,comedy,cult
a-nightmare-on-elm-street-1984	A Nightmare on Elm Street	1984	Wes Craven	Horror	horror
silent-night-deadly-night-1984	Silent Night, Deadly Night	1984	Charles E. Sellier Jr.	Thriller,Horror	horror,holiday,thriller
ghoulies-1984	Ghoulies	1984	Luca Bercovici	Horror,Comedy	horror,comedy
the-stuff-1985	The Stuff	1985	Larry Cohen	Horror,Sci-Fi,Comedy	horror,comedy,cult
legend-1985	Legend	1985	Ridley Scott	Adventure,Fantasy	fantasy
demons-1985	Demons	1985	Lamberto Bava	Horror	horror,cult
phenomena-1985	Phenomena	1985	Dario Argento	Horror,Thriller	horror,thriller
chopping-mall-1986	Chopping Mall	1986	Jim Wynorski	Horror,Sci-Fi	horror,cult,scifi
from-beyond-1986	From Beyond	1986	Stuart Gordon	Horror,Sci-Fi	horror,scifi,cult
class-of-nuke-em-high-1986	Class of Nuke 'Em High	1986	Richard W. Haines	Horror,Comedy,Sci-Fi,Thriller	horror,comedy,cult
critters-1986	Critters	1986	Stephen Herek	Comedy,Horror,Sci-Fi	horror,comedy,scifi
troll-1986	Troll	1986	John Carl Buechler	Fantasy,Horror	horror,fantasy
bad-taste-1987	Bad Taste	1987	Peter Jackson	Action,Comedy,Horror,Sci-Fi	horror,comedy,cult
street-trash-1987	Street Trash	1987	J. Michael Muro	Comedy,Horror	horror,comedy,cult
evil-dead-ii-1987	Evil Dead II	1987	Sam Raimi	Horror,Comedy,Fantasy	horror,comedy,cult
opera-1987	Opera	1987	Dario Argento	Horror,Mystery,Thriller	horror,cult,thriller
the-gate-1987	The Gate	1987	Tibor Takács	Horror,Fantasy	horror,fantasy
a-nightmare-on-elm-street-3-dream-warriors-1987	A Nightmare on Elm Street 3: Dream Warriors	1987	Chuck Russell	Horror,Thriller,Fantasy	horror,thriller,fantasy
killer-klowns-from-outer-space-1988	Killer Klowns from Outer Space	1988	Stephen Chiodo	Comedy,Horror,Sci-Fi	horror,comedy,cult
pumpkinhead-1988	Pumpkinhead	1988	Stan Winston	Fantasy,Horror	horror,fantasy
night-of-the-demons-1988	Night of the Demons	1988	Kevin Tenney	Horror,Comedy	horror,comedy
tetsuo-the-iron-man-1989	Tetsuo: The Iron Man	1989	Shinya Tsukamoto	Horror,Sci-Fi	cult,horror,scifi
meet-the-feebles-1989	Meet the Feebles	1989	Peter Jackson	Comedy,Music,Fantasy	comedy,cult,animation
kiki-s-delivery-service-1989	Kiki's Delivery Service	1989	Hayao Miyazaki	Animation,Family,Fantasy	animation,family,fantasy
hardware-1990	Hardware	1990	Richard Stanley	Horror,Sci-Fi,Thriller	horror,scifi,cult
gremlins-2-the-new-batch-1990	Gremlins 2: The New Batch	1990	Joe Dante	Comedy,Horror,Fantasy	horror,comedy,fantasy
nightbreed-1990	Nightbreed	1990	Clive Barker	Horror,Fantasy	horror,fantasy
only-yesterday-1991	Only Yesterday	1991	Isao Takahata	Animation,Drama	animation,drama,romance
the-addams-family-1991	The Addams Family	1991	Barry Sonnenfeld	Comedy,Fantasy	comedy,fantasy,family
braindead-1992	Braindead	1992	Peter Jackson	Horror,Comedy	horror,comedy,cult
death-becomes-her-1992	Death Becomes Her	1992	Robert Zemeckis	Comedy,Fantasy,Horror	comedy,fantasy,horror
ocean-waves-1993	Ocean Waves	1993	Tomomi Mochizuki	Animation,Drama,Romance	animation,drama,romance
jason-goes-to-hell-the-final-friday-1993	Jason Goes to Hell: The Final Friday	1993	Adam Marcus	Horror,Thriller	horror,thriller
leprechaun-1993	Leprechaun	1993	Mark Jones	Horror,Comedy	horror,comedy
ghost-in-the-shell-1995	Ghost in the Shell	1995	Mamoru Oshii	Action,Animation,Sci-Fi	animation,scifi,cult
safe-1995	Safe	1995	Todd Haynes	Drama	indie,drama
lord-of-illusions-1995	Lord of Illusions	1995	Clive Barker	Horror,Fantasy,Drama	horror,fantasy,drama
the-craft-1996	The Craft	1996	Andrew Fleming	Horror,Drama,Fantasy	horror,fantasy,drama
neon-genesis-evangelion-the-end-of-evangelion-1997	Neon Genesis Evangelion: The End of Evangelion	1997	Kazuya Tsurumaki	Animation,Sci-Fi,Drama,Fantasy	animation,scifi,fantasy
i-know-what-you-did-last-summer-1997	I Know What You Did Last Summer	1997	Jim Gillespie	Horror,Thriller,Mystery	horror,thriller
wishmaster-1997	Wishmaster	1997	Robert Kurtzman	Horror,Fantasy	horror,fantasy
the-faculty-1998	The Faculty	1998	Robert Rodriguez	Horror,Sci-Fi	horror,scifi
disturbing-behavior-1998	Disturbing Behavior	1998	David Nutter	Mystery,Horror,Sci-Fi	horror,thriller,scifi
urban-legend-1998	Urban Legend	1998	Jamie Blanks	Horror,Mystery	horror,thriller
practical-magic-1998	Practical Magic	1998	Griffin Dunne	Romance,Fantasy,Comedy	fantasy,romance,comedy
jin-roh-the-wolf-brigade-1999	Jin-Roh: The Wolf Brigade	1999	Hiroyuki Okiura	Animation,Thriller,Sci-Fi	animation,scifi,thriller
idle-hands-1999	Idle Hands	1999	Rodman Flender	Comedy,Horror,Fantasy	horror,comedy,fantasy
sleepy-hollow-1999	Sleepy Hollow	1999	Tim Burton	Fantasy,Thriller,Mystery,Horror	horror,fantasy,thriller
scream-3-2000	Scream 3	2000	Wes Craven	Horror,Mystery	horror,thriller
cowboy-bebop-the-movie-2001	Cowboy Bebop: The Movie	2001	Shinichiro Watanabe	Action,Animation,Sci-Fi	animation,scifi,action
from-hell-2001	From Hell	2001	Albert Hughes	Horror,Mystery,Thriller	horror,thriller,crime
jeepers-creepers-2001	Jeepers Creepers	2001	Victor Salva	Horror,Mystery	horror,thriller
tokyo-godfathers-2003	Tokyo Godfathers	2003	Satoshi Kon	Animation,Drama,Comedy	animation,comedy,drama
freddy-vs-jason-2003	Freddy vs. Jason	2003	Ronny Yu	Horror	horror
final-destination-2-2003	Final Destination 2	2003	David R. Ellis	Horror,Mystery	horror,thriller
wrong-turn-2003	Wrong Turn	2003	Rob Schmidt	Horror,Thriller	horror,thriller
garden-state-2004	Garden State	2004	Zach Braff	Comedy,Drama,Romance	indie,comedy,romance
the-squid-and-the-whale-2005	The Squid and the Whale	2005	Noah Baumbach	Comedy,Drama	indie,comedy,drama
land-of-the-dead-2005	Land of the Dead	2005	George A. Romero	Horror,Sci-Fi,Thriller	horror,scifi,thriller
paprika-2006	Paprika	2006	Satoshi Kon	Animation,Sci-Fi,Thriller	animation,scifi,fantasy
the-girl-who-leapt-through-time-2006	The Girl Who Leapt Through Time	2006	Mamoru Hosoda	Fantasy,Animation,Drama,Sci-Fi	animation,scifi,romance
wendy-and-lucy-2008	Wendy and Lucy	2008	Kelly Reichardt	Drama	indie,drama
summer-wars-2009	Summer Wars	2009	Mamoru Hosoda	Animation,Sci-Fi	animation,scifi,family
redline-2009	Redline	2009	Takeshi Koike	Animation,Action,Sci-Fi	animation,action,scifi
the-guard-2011	The Guard	2011	John Michael McDonagh	Action,Comedy,Thriller,Crime	comedy,crime,action
moonrise-kingdom-2012	Moonrise Kingdom	2012	Wes Anderson	Comedy,Drama,Romance	indie,comedy,romance
wolf-children-2012	Wolf Children	2012	Mamoru Hosoda	Animation,Family,Drama,Fantasy	animation,fantasy,family
seven-psychopaths-2012	Seven Psychopaths	2012	Martin McDonagh	Comedy,Crime	comedy,crime
the-tale-of-the-princess-kaguya-2013	The Tale of The Princess Kaguya	2013	Isao Takahata	Animation,Drama,Fantasy	animation,fantasy,drama
calvary-2014	Calvary	2014	John Michael McDonagh	Drama	comedy,drama
the-lobster-2015	The Lobster	2015	Yorgos Lanthimos	Comedy,Drama,Romance	indie,comedy,scifi
the-boy-and-the-beast-2015	The Boy and the Beast	2015	Mamoru Hosoda	Action,Adventure,Animation,Drama	animation,fantasy,action
swiss-army-man-2016	Swiss Army Man	2016	Daniel Kwan	Comedy,Drama,Romance,Fantasy	indie,comedy,romance
paterson-2016	Paterson	2016	Jim Jarmusch	Drama,Comedy,Romance	indie,comedy,romance
a-silent-voice-the-movie-2016	A Silent Voice: The Movie	2016	Naoko Yamada	Animation,Drama,Romance	animation,drama,romance
the-florida-project-2017	The Florida Project	2017	Sean Baker	Drama	indie,drama
columbus-2017	Columbus	2017	Kogonada	Drama	indie,drama
mirai-2018	Mirai	2018	Mamoru Hosoda	Animation,Family,Fantasy,Adventure	animation,family,fantasy
weathering-with-you-2019	Weathering with You	2019	Makoto Shinkai	Animation,Drama,Fantasy,Romance	animation,fantasy,romance
promare-2019	Promare	2019	Hiroyuki Imaishi	Animation,Action,Sci-Fi	animation,action,scifi
coda-2021	CODA	2021	Sian Heder	Drama,Music,Romance	indie,family,musical
look-back-2024	Look Back	2024	Kiyotaka Oshiyama	Animation,Drama	animation,drama,new
millennium-actress-2002	Millennium Actress	2002	Satoshi Kon	Animation,Drama,Romance	animation,fantasy,romance
frances-ha-2013	Frances Ha	2013	Noah Baumbach	Comedy,Drama	indie,comedy,drama
after-yang-2022	After Yang	2022	Kogonada	Sci-Fi,Drama	indie,scifi,drama
funny-girl-1968	Funny Girl	1968	William Wyler	Comedy,Drama,Romance	musical,classics,comedy
hello-dolly-1969	Hello, Dolly!	1969	Gene Kelly	Comedy,Romance	musical,comedy,classics
the-king-and-i-1956	The King and I	1956	Walter Lang	Romance,History,Drama	musical,romance,classics
oklahoma-1955	Oklahoma!	1955	Fred Zinnemann	Western,Music,Romance	musical,romance,classics
carousel-1956	Carousel	1956	Henry King	Music,Romance	musical,romance,classics
an-american-in-paris-1951	An American in Paris	1951	Vincente Minnelli	Music,Romance,Comedy	musical,romance,classics
gigi-1958	Gigi	1958	Vincente Minnelli	Comedy,Romance	musical,romance,classics
the-music-man-1962	The Music Man	1962	Morton DaCosta	Comedy,Family,Music,Romance	musical,comedy,family
seven-brides-for-seven-brothers-1954	Seven Brides for Seven Brothers	1954	Stanley Donen	Comedy,Drama,Western	musical,romance,classics
top-hat-1935	Top Hat	1935	Mark Sandrich	Music,Comedy,Romance	musical,romance,classics
swing-time-1936	Swing Time	1936	George Stevens	Romance,Comedy	musical,romance,classics
mamma-mia-2008	Mamma Mia!	2008	Phyllida Lloyd	Comedy,Romance	musical,comedy,romance
enchanted-2007	Enchanted	2007	Kevin Lima	Comedy,Family,Fantasy,Romance	musical,family,fantasy
newsies-1992	Newsies	1992	Kenny Ortega	Drama,History	musical,drama,family
sweeney-todd-the-demon-barber-of-fleet-street-2007	Sweeney Todd: The Demon Barber of Fleet Street	2007	Tim Burton	Drama,Horror	musical,horror,thriller
the-producers-2005	The Producers	2005	Susan Stroman	Comedy	musical,comedy
little-shop-of-horrors-1986	Little Shop of Horrors	1986	Frank Oz	Horror,Comedy	musical,comedy,horror
jesus-christ-superstar-1973	Jesus Christ Superstar	1973	Norman Jewison	Drama,History	musical,drama,classics
true-grit-1969	True Grit	1969	Henry Hathaway	Western	western,classics
the-man-who-shot-liberty-valance-1962	The Man Who Shot Liberty Valance	1962	John Ford	Western	western,classics
rio-grande-1950	Rio Grande	1950	John Ford	Western	western,classics
she-wore-a-yellow-ribbon-1949	She Wore a Yellow Ribbon	1949	John Ford	Drama,Western	western,classics,drama
my-darling-clementine-1946	My Darling Clementine	1946	John Ford	Western	western,classics
red-river-1948	Red River	1948	Howard Hawks	Western	western,classics
pale-rider-1985	Pale Rider	1985	Clint Eastwood	Western,Drama	western,drama
high-plains-drifter-1973	High Plains Drifter	1973	Clint Eastwood	Western,Drama,Mystery	western,drama,thriller
joe-kidd-1972	Joe Kidd	1972	John Sturges	Western,Drama	western,drama,classics
hang-em-high-1968	Hang 'em High	1968	Ted Post	Western,Drama	western,drama,classics
appaloosa-2008	Appaloosa	2008	Ed Harris	Drama,Western,Crime	western,drama,crime
3-10-to-yuma-1957	3:10 to Yuma	1957	Delmer Daves	Western,Drama,Thriller	western,classics,thriller
the-magnificent-seven-2016	The Magnificent Seven	2016	Antoine Fuqua	Adventure,Action,Western	western,action
django-1966	Django	1966	Sergio Corbucci	Action,Western	western,cult,action
navajo-joe-1966	Navajo Joe	1966	Sergio Corbucci	Western	western,classics
the-quick-and-the-dead-1995	The Quick and the Dead	1995	Sam Raimi	Western,Action,Drama,Thriller	western,action,thriller
young-guns-1988	Young Guns	1988	Christopher Cain	Western,Action,Adventure,Drama	western,action,drama
young-guns-ii-1990	Young Guns II	1990	Geoff Murphy	Western,Adventure	western,action
silverado-1985	Silverado	1985	Lawrence Kasdan	Western,Action,Drama	western,action,drama
city-slickers-1991	City Slickers	1991	Ron Underwood	Comedy,Western	western,comedy
rocky-v-1990	Rocky V	1990	John G. Avildsen	Drama,Action	sports,drama,action
rocky-balboa-2006	Rocky Balboa	2006	Sylvester Stallone	Drama,Action	sports,drama,action
creed-iii-2023	Creed III	2023	Michael B. Jordan	Drama,Action	sports,drama,action
the-natural-1984	The Natural	1984	Barry Levinson	Drama	sports,drama
the-blind-side-2009	The Blind Side	2009	John Lee Hancock	Drama	sports,drama
prefontaine-1997	Prefontaine	1997	Steve James	Drama,Romance	sports,drama,romance
without-limits-1998	Without Limits	1998	Robert Towne	Drama,Romance	sports,drama,romance
race-2016	Race	2016	Stephen Hopkins	Drama,History	sports,drama
southpaw-2015	Southpaw	2015	Antoine Fuqua	Action,Drama	sports,drama,action
cinderella-man-2005	Cinderella Man	2005	Ron Howard	Romance,Drama,History	sports,drama,romance
the-karate-kid-part-ii-1986	The Karate Kid Part II	1986	John G. Avildsen	Adventure,Drama,Action,Romance	sports,family,action
he-got-game-1998	He Got Game	1998	Spike Lee	Drama	sports,drama
blue-chips-1994	Blue Chips	1994	William Friedkin	Drama	sports,drama
the-program-1993	The Program	1993	David S. Ward	Drama,Action,Romance	sports,action,romance
varsity-blues-1999	Varsity Blues	1999	Brian Robbins	Comedy,Drama,Romance	sports,comedy,romance
stick-it-2006	Stick It	2006	Jessica Bendinger	Comedy,Drama	sports,comedy,drama
bring-it-on-2000	Bring It On	2000	Peyton Reed	Comedy	sports,comedy
she-s-the-man-2006	She's the Man	2006	Andy Fickman	Comedy,Romance	sports,comedy,romance
mystery-alaska-1999	Mystery, Alaska	1999	Jay Roach	Drama,Comedy	sports,comedy,drama
slap-shot-1977	Slap Shot	1977	George Roy Hill	Comedy,Drama	sports,comedy,classics
the-longest-yard-2005	The Longest Yard	2005	Peter Segal	Drama,Comedy,Crime	sports,comedy,crime
the-longest-yard-1974	The Longest Yard	1974	Robert Aldrich	Comedy,Drama,Crime	sports,comedy,classics
happy-gilmore-2-2025	Happy Gilmore 2	2025	Kyle Newacheck	Comedy	sports,comedy,new
flags-of-our-fathers-2006	Flags of Our Fathers	2006	Clint Eastwood	War,Drama,History	war,drama
american-sniper-2014	American Sniper	2014	Clint Eastwood	War,Action	war,drama,action
fury-2014	Fury	2014	David Ayer	War,Drama,Action	war,action,drama
midway-2019	Midway	2019	Roland Emmerich	War,History,Drama,Action	war,action,drama
midway-1976	Midway	1976	Jack Smight	Action,Drama,History,War	war,classics,action
tora-tora-tora-1970	Tora! Tora! Tora!	1970	Richard Fleischer	War,History,Drama	war,classics,drama
all-quiet-on-the-western-front-1930	All Quiet on the Western Front	1930	Lewis Milestone	Drama,War	war,classics,drama
casualties-of-war-1989	Casualties of War	1989	Brian De Palma	Drama,History,War	war,drama
we-were-soldiers-2002	We Were Soldiers	2002	Randall Wallace	Action,History,War	war,drama,action
three-kings-1999	Three Kings	1999	David O. Russell	Action,Comedy,War	war,comedy,action
dr-strangelove-or-how-i-learned-to-stop-worrying-and-love-the-bomb-1964	Dr. Strangelove or: How I Learned to Stop Worrying and Love the Bomb	1964	Stanley Kubrick	Comedy,War	war,comedy,classics
to-kill-a-mockingbird-1962	To Kill a Mockingbird	1962	Robert Mulligan	Drama	drama,classics
the-house-of-the-devil-2009	The House of the Devil	2009	Ti West	Horror,Mystery	horror,cult,thriller
mandy-2018	Mandy	2018	Panos Cosmatos	Fantasy,Action,Horror	horror,cult,action
the-void-2016	The Void	2016	Steven Kostanski	Mystery,Horror,Sci-Fi	horror,cult,thriller
turbo-kid-2015	Turbo Kid	2015	François Simard	Action,Comedy,Sci-Fi	action,comedy,cult
kung-fury-2015	Kung Fury	2015	David Sandberg	Action,Comedy,Sci-Fi,Fantasy	action,comedy,cult
feast-2005	Feast	2005	John Gulager	Horror	horror,comedy,cult
slither-2006	Slither	2006	James Gunn	Horror,Sci-Fi,Comedy	horror,comedy,scifi
deathgasm-2015	Deathgasm	2015	Jason Lei Howden	Horror,Comedy	horror,comedy,cult
withnail-and-i-1987	Withnail & I	1987	Bruce Robinson	Comedy,Drama	comedy,cult,classics
time-bandits-1981	Time Bandits	1981	Terry Gilliam	Family,Fantasy,Sci-Fi,Adventure	fantasy,comedy,cult
the-adventures-of-buckaroo-banzai-across-the-8th-dimension-1984	The Adventures of Buckaroo Banzai Across the 8th Dimension	1984	W.D. Richter	Sci-Fi,Comedy,Adventure	scifi,comedy,cult
strange-brew-1983	Strange Brew	1983	Dave Thomas	Comedy,Crime,Sci-Fi	comedy,cult,crime
eating-raoul-1982	Eating Raoul	1982	Paul Bartel	Comedy,Crime	comedy,cult,crime
showing-up-2023	Showing Up	2023	Kelly Reichardt	Comedy,Drama	indie,drama,comedy
the-souvenir-2019	The Souvenir	2019	Joanna Hogg	Drama,Romance	indie,drama,romance
certain-women-2016	Certain Women	2016	Kelly Reichardt	Drama	indie,drama
old-joy-2006	Old Joy	2006	Kelly Reichardt	Drama	indie,drama
george-washington-2000	George Washington	2000	David Gordon Green	Drama	indie,drama
punch-drunk-love-2002	Punch-Drunk Love	2002	Paul Thomas Anderson	Romance,Drama,Comedy	indie,comedy,romance
short-cuts-1993	Short Cuts	1993	Robert Altman	Drama,Comedy	indie,drama,comedy
sex-lies-and-videotape-1989	sex, lies, and videotape	1989	Steven Soderbergh	Drama	indie,drama
mystery-train-1989	Mystery Train	1989	Jim Jarmusch	Comedy	indie,comedy,drama
stranger-than-paradise-1984	Stranger Than Paradise	1984	Jim Jarmusch	Comedy,Drama	indie,comedy,drama
down-by-law-1986	Down by Law	1986	Jim Jarmusch	Crime,Drama,Comedy	indie,comedy,crime
night-on-earth-1991	Night on Earth	1991	Jim Jarmusch	Comedy,Drama	indie,comedy,drama
dead-man-1995	Dead Man	1995	Jim Jarmusch	Drama,Fantasy,Western	indie,western,cult
ghost-dog-the-way-of-the-samurai-1999	Ghost Dog: The Way of the Samurai	1999	Jim Jarmusch	Crime,Drama	indie,crime,cult
goon-2012	Goon	2012	Michael Dowse	Comedy,Drama	sports,comedy,drama
color-out-of-space-2020	Color Out of Space	2020	Richard Stanley	Horror,Sci-Fi,Mystery,Thriller	horror,scifi,cult
first-cow-2020	First Cow	2020	Kelly Reichardt	Drama,Western	indie,drama,western
meek-s-cutoff-2011	Meek's Cutoff	2011	Kelly Reichardt	Western,History,Drama	indie,western,drama
hostel-2006	Hostel	2006	Eli Roth	Horror	horror
hostel-part-ii-2007	Hostel: Part II	2007	Eli Roth	Horror	horror
final-destination-3-2006	Final Destination 3	2006	James Wong	Horror,Mystery	horror,thriller
a-nightmare-on-elm-street-part-2-freddy-s-revenge-1985	A Nightmare on Elm Street Part 2: Freddy's Revenge	1985	Jack Sholder	Horror	horror
a-nightmare-on-elm-street-4-the-dream-master-1988	A Nightmare on Elm Street 4: The Dream Master	1988	Renny Harlin	Horror,Thriller	horror,thriller
freddy-s-dead-the-final-nightmare-1991	Freddy's Dead: The Final Nightmare	1991	Rachel Talalay	Horror	horror,comedy
halloween-4-the-return-of-michael-myers-1988	Halloween 4: The Return of Michael Myers	1988	Dwight H. Little	Horror,Thriller	horror,thriller
halloween-h20-20-years-later-1998	Halloween H20: 20 Years Later	1998	Steve Miner	Horror,Thriller	horror,thriller
friday-the-13th-part-iii-1982	Friday the 13th Part III	1982	Steve Miner	Horror	horror
friday-the-13th-the-final-chapter-1984	Friday the 13th: The Final Chapter	1984	Joseph Zito	Horror	horror
jason-lives-friday-the-13th-part-vi-1986	Jason Lives - Friday the 13th Part VI	1986	Tom McLoughlin	Horror,Thriller	horror,comedy,thriller
child-s-play-2-1990	Child's Play 2	1990	John Lafia	Horror	horror
seed-of-chucky-2004	Seed of Chucky	2004	Don Mancini	Horror,Comedy	horror,comedy
hellraiser-iii-hell-on-earth-1992	Hellraiser III: Hell on Earth	1992	Anthony Hickox	Horror,Thriller	horror,thriller
phantasm-ii-1988	Phantasm II	1988	Don Coscarelli	Action,Horror,Sci-Fi,Thriller	horror,cult,action
30-days-of-night-2007	30 Days of Night	2007	David Slade	Horror,Thriller	horror,thriller
dog-soldiers-2002	Dog Soldiers	2002	Neil Marshall	Horror,Action,Thriller	horror,action,thriller
the-ritual-2017	The Ritual	2017	David Bruckner	Horror,Mystery	horror,thriller
terrifier-2-2022	Terrifier 2	2022	Damien Leone	Horror	horror,cult
fresh-2022	Fresh	2022	Mimi Cave	Horror,Thriller,Comedy	horror,comedy,thriller
bodies-bodies-bodies-2022	Bodies Bodies Bodies	2022	Halina Reijn	Comedy,Mystery,Horror	horror,comedy,thriller
renfield-2023	Renfield	2023	Chris McKay	Comedy,Fantasy,Horror	horror,comedy,fantasy
cocaine-bear-2023	Cocaine Bear	2023	Elizabeth Banks	Thriller,Comedy,Crime	horror,comedy,thriller
when-evil-lurks-2023	When Evil Lurks	2023	Demián Rugna	Horror,Thriller	horror,thriller
the-black-cauldron-1985	The Black Cauldron	1985	Ted Berman	Animation,Adventure,Family,Fantasy	animation,fantasy,family
ferngully-the-last-rainforest-1992	FernGully: The Last Rainforest	1992	Bill Kroyer	Family,Fantasy,Animation,Adventure	animation,family,fantasy
the-land-before-time-1988	The Land Before Time	1988	Don Bluth	Family,Animation,Adventure,Drama	animation,family,drama
an-american-tail-1986	An American Tail	1986	Don Bluth	Adventure,Animation,Comedy,Drama	animation,family,comedy
balto-1995	Balto	1995	Simon Wells	Adventure,Animation,Drama,Family	animation,family,drama
the-iron-giant-1999	The Iron Giant	1999	Brad Bird	Animation,Drama,Family,Sci-Fi	animation,family,scifi
lilo-and-stitch-2002	Lilo & Stitch	2002	Chris Sanders	Animation,Family,Comedy,Sci-Fi	animation,family,comedy
treasure-planet-2002	Treasure Planet	2002	Ron Clements	Sci-Fi,Adventure,Animation,Family	animation,family,scifi
atlantis-the-lost-empire-2001	Atlantis: The Lost Empire	2001	Gary Trousdale	Animation,Family,Adventure,Sci-Fi	animation,family,fantasy
brother-bear-2003	Brother Bear	2003	Aaron Blaise	Adventure,Animation,Family	animation,family
homeward-bound-the-incredible-journey-1993	Homeward Bound: The Incredible Journey	1993	Duwayne Dunham	Adventure,Comedy,Family	family,comedy
free-willy-1993	Free Willy	1993	Simon Wincer	Family,Adventure,Drama	family,drama
flipper-1996	Flipper	1996	Alan Shapiro	Adventure,Family	family
andre-1994	Andre	1994	George T. Miller	Family,Adventure,Comedy	family,comedy
the-parent-trap-1998	The Parent Trap	1998	Nancy Meyers	Comedy,Family,Romance	family,comedy,romance
17-again-2009	17 Again	2009	Burr Steers	Comedy,Fantasy	comedy,fantasy,family
the-neverending-story-ii-the-next-chapter-1990	The NeverEnding Story II: The Next Chapter	1990	George T. Miller	Family,Fantasy,Adventure,Drama	fantasy,family,drama
krull-1983	Krull	1983	Peter Yates	Action,Adventure,Fantasy,Sci-Fi	fantasy,action,scifi
the-beastmaster-1982	The Beastmaster	1982	Don Coscarelli	Fantasy,Adventure,Action	fantasy,action
conan-the-destroyer-1984	Conan the Destroyer	1984	Richard Fleischer	Adventure,Fantasy,Action	fantasy,action
red-sonja-1985	Red Sonja	1985	Richard Fleischer	Adventure,Fantasy,Action	fantasy,action
the-sword-and-the-sorcerer-1982	The Sword and the Sorcerer	1982	Albert Pyun	Action,Adventure,Fantasy,Horror	fantasy,action,horror
excalibur-1981	Excalibur	1981	John Boorman	Adventure,Fantasy	fantasy,classics
dragonslayer-1981	Dragonslayer	1981	Matthew Robbins	Fantasy,Adventure	fantasy
clash-of-the-titans-1981	Clash of the Titans	1981	Desmond Davis	Adventure,Fantasy,Action	fantasy,action
jason-and-the-argonauts-1963	Jason and the Argonauts	1963	Don Chaffey	Adventure,Family,Fantasy	fantasy,classics,family
the-7th-voyage-of-sinbad-1958	The 7th Voyage of Sinbad	1958	Nathan Juran	Action,Adventure,Family,Fantasy	fantasy,classics,family
rare-exports-a-christmas-tale-2010	Rare Exports: A Christmas Tale	2010	Jalmari Helander	Fantasy,Horror	horror,holiday,comedy
christmas-evil-1980	Christmas Evil	1980	Lewis Jackson	Horror,Thriller	horror,holiday,cult
silent-night-deadly-night-part-2-1987	Silent Night, Deadly Night Part 2	1987	Lee Harry	Comedy,Horror	horror,holiday,cult
the-running-man-1987	The Running Man	1987	Paul Michael Glaser	Action,Thriller,Sci-Fi	scifi,action,thriller
demolition-man-1993	Demolition Man	1993	Marco Brambilla	Crime,Action,Sci-Fi	scifi,action,comedy
judge-dredd-1995	Judge Dredd	1995	Danny Cannon	Sci-Fi,Action	scifi,action
escape-from-l-a-1996	Escape from L.A.	1996	John Carpenter	Action,Thriller,Sci-Fi	scifi,action,cult
outland-1981	Outland	1981	Peter Hyams	Sci-Fi,Action,Thriller,Crime	scifi,thriller,action
silent-running-1972	Silent Running	1972	Douglas Trumbull	Sci-Fi,Adventure,Drama	scifi,classics,drama
the-omega-man-1971	The Omega Man	1971	Boris Sagal	Sci-Fi,Action,Drama,Thriller	scifi,action,thriller
a-boy-and-his-dog-1975	A Boy and His Dog	1975	L.Q. Jones	Drama,Sci-Fi,Comedy	scifi,cult,comedy
dark-star-1974	Dark Star	1974	John Carpenter	Comedy,Sci-Fi	scifi,comedy,cult
the-chronicles-of-riddick-2004	The Chronicles of Riddick	2004	David Twohy	Action,Sci-Fi	scifi,action
event-horizon-1997	Event Horizon	1997	Paul W. S. Anderson	Horror,Sci-Fi,Mystery	scifi,horror,thriller
source-code-2011	Source Code	2011	Duncan Jones	Thriller,Sci-Fi,Mystery	scifi,thriller
elysium-2013	Elysium	2013	Neill Blomkamp	Sci-Fi,Action,Drama,Thriller	scifi,action,thriller
chappie-2015	Chappie	2015	Neill Blomkamp	Crime,Action,Sci-Fi	scifi,action,crime
oblivion-2013	Oblivion	2013	Joseph Kosinski	Action,Sci-Fi,Adventure,Mystery	scifi,action,thriller
real-steel-2011	Real Steel	2011	Shawn Levy	Action,Sci-Fi,Drama	scifi,action,sports
i-robot-2004	I, Robot	2004	Alex Proyas	Action,Sci-Fi	scifi,action
the-day-after-tomorrow-2004	The Day After Tomorrow	2004	Roland Emmerich	Sci-Fi,Thriller,Adventure	scifi,action,thriller
stargate-1994	Stargate	1994	Roland Emmerich	Action,Adventure,Sci-Fi	scifi,action,fantasy
strange-days-1995	Strange Days	1995	Kathryn Bigelow	Crime,Sci-Fi,Thriller	scifi,thriller,cult
existenz-1999	eXistenZ	1999	David Cronenberg	Action,Thriller,Sci-Fi	scifi,horror,cult
the-color-purple-2023	The Color Purple	2023	Blitz Bazawule	Drama	musical,drama
wonka-2023	Wonka	2023	Paul King	Comedy,Family,Fantasy	musical,family,fantasy
mean-girls-2024	Mean Girls	2024	Arturo Perez Jr.	Comedy	musical,comedy,new
hairspray-1988	Hairspray	1988	John Waters	Comedy,Music,Romance	musical,comedy,cult
cry-baby-1990	Cry-Baby	1990	John Waters	Comedy,Romance	musical,comedy,cult
absolute-beginners-1986	Absolute Beginners	1986	Julien Temple	Drama,Music,Romance	musical,drama,romance
pennies-from-heaven-1981	Pennies from Heaven	1981	Herbert Ross	Drama,Music,Romance	musical,drama,romance
everyone-says-i-love-you-1996	Everyone Says I Love You	1996	Woody Allen	Comedy,Romance	musical,comedy,romance
dancer-in-the-dark-2000	Dancer in the Dark	2000	Lars von Trier	Drama,Crime	musical,indie,crime
velvet-goldmine-1998	Velvet Goldmine	1998	Todd Haynes	Drama,Music	musical,drama,indie
hedwig-and-the-angry-inch-2001	Hedwig and the Angry Inch	2001	John Cameron Mitchell	Comedy,Music,Drama	musical,comedy,indie
repo-the-genetic-opera-2008	Repo! The Genetic Opera	2008	Darren Lynn Bousman	Music,Sci-Fi,Horror	musical,horror,cult
jesus-christ-superstar-live-in-concert-2018	Jesus Christ Superstar Live in Concert	2018	Alex Rudzinski	Music,Drama	musical,drama
cats-2019	Cats	2019	Tom Hooper	Fantasy,Comedy,Drama	musical,fantasy,comedy
dear-evan-hansen-2021	Dear Evan Hansen	2021	Stephen Chbosky	Drama	musical,drama
the-prom-2020	The Prom	2020	Ryan Murphy	Romance,Comedy	musical,comedy,romance
vivo-2021	Vivo	2021	Kirk DeMicco	Animation,Family,Comedy,Music	animation,musical,family
sing-2016	Sing	2016	Garth Jennings	Animation,Comedy,Family,Music	animation,musical,family
sing-2-2021	Sing 2	2021	Garth Jennings	Animation,Comedy,Family,Music	animation,musical,family
trolls-2016	Trolls	2016	Mike Mitchell	Adventure,Animation,Comedy,Family	animation,musical,family
the-lorax-2012	The Lorax	2012	Chris Renaud	Animation,Family	animation,musical,family
terrifier-2018	Terrifier	2018	Damien Leone	Horror	horror,cult
new-rose-hotel-1999	New Rose Hotel	1999	Abel Ferrara	Drama,Mystery,Sci-Fi	scifi,indie,thriller
the-santa-clause-3-the-escape-clause-2006	The Santa Clause 3: The Escape Clause	2006	Michael Lembeck	Comedy,Family,Adventure	family,comedy,holiday
surviving-christmas-2004	Surviving Christmas	2004	Mike Mitchell	Comedy,Romance	comedy,holiday,romance
deck-the-halls-2006	Deck the Halls	2006	John Whitesell	Comedy,Family	comedy,holiday,family
the-christmas-chronicles-part-two-2020	The Christmas Chronicles: Part Two	2020	Chris Columbus	Family,Fantasy,Adventure,Comedy	family,comedy,holiday
can-t-hardly-wait-1998	Can't Hardly Wait	1998	Deborah Kaplan	Comedy,Romance	romance,comedy
she-s-all-that-1999	She's All That	1999	Robert Iscove	Comedy,Romance	romance,comedy
never-been-kissed-1999	Never Been Kissed	1999	Raja Gosnell	Romance,Comedy,Drama	romance,comedy,drama
27-dresses-2008	27 Dresses	2008	Anne Fletcher	Comedy,Romance	romance,comedy
the-ugly-truth-2009	The Ugly Truth	2009	Robert Luketic	Comedy,Romance	romance,comedy
no-strings-attached-2011	No Strings Attached	2011	Ivan Reitman	Comedy,Romance	romance,comedy
the-spectacular-now-2013	The Spectacular Now	2013	James Ponsoldt	Comedy,Drama,Romance	romance,indie,comedy
a-walk-to-remember-2002	A Walk to Remember	2002	Adam Shankman	Drama,Romance	romance,drama
the-fault-in-our-stars-2014	The Fault in Our Stars	2014	Josh Boone	Romance,Drama	romance,drama
me-before-you-2016	Me Before You	2016	Thea Sharrock	Drama,Romance	romance,drama
the-vow-2012	The Vow	2012	Michael Sucsy	Drama,Romance	romance,drama
safe-haven-2013	Safe Haven	2013	Lasse Hallström	Romance,Thriller	romance,drama,thriller
the-lucky-one-2012	The Lucky One	2012	Scott Hicks	Drama,Romance	romance,drama
dear-john-2010	Dear John	2010	Lasse Hallström	Drama,Romance,War	romance,drama,war
the-longest-ride-2015	The Longest Ride	2015	George Tillman Jr.	Drama,Romance	romance,drama
p-s-i-love-you-2007	P.S. I Love You	2007	Richard LaGravenese	Drama,Romance	romance,drama
one-day-2011	One Day	2011	Lone Scherfig	Drama,Romance	romance,drama
love-rosie-2014	Love, Rosie	2014	Christian Ditter	Romance,Drama,Comedy	romance,comedy,drama
man-up-2015	Man Up	2015	Ben Palmer	Romance,Comedy	romance,comedy
always-be-my-maybe-2019	Always Be My Maybe	2019	Nahnatchka Khan	Romance,Comedy	romance,comedy
someone-great-2019	Someone Great	2019	Jennifer Kaytin Robinson	Comedy,Romance	romance,comedy
the-half-of-it-2020	The Half of It	2020	Alice Wu	Comedy,Romance,Drama	romance,comedy,indie
the-kissing-booth-2018	The Kissing Booth	2018	Vince Marcello	Romance,Comedy	romance,comedy
purple-hearts-2022	Purple Hearts	2022	Elizabeth Allen Rosenbaum	Romance,Drama	romance,drama
your-place-or-mine-2023	Your Place or Mine	2023	Aline Brosh McKenna	Romance,Comedy	romance,comedy
anyone-but-you-2023	Anyone but You	2023	Will Gluck	Romance,Comedy	romance,comedy
wind-river-2017	Wind River	2017	Taylor Sheridan	Crime,Mystery,Thriller	crime,thriller,drama
the-drop-2014	The Drop	2014	Michaël R. Roskam	Drama,Crime	crime,drama
a-most-violent-year-2014	A Most Violent Year	2014	J.C. Chandor	Crime,Drama,Thriller	crime,drama,thriller
killing-them-softly-2012	Killing Them Softly	2012	Andrew Dominik	Crime,Thriller	crime,thriller
only-god-forgives-2013	Only God Forgives	2013	Nicolas Winding Refn	Drama,Thriller,Crime	crime,thriller,drama
the-counselor-2013	The Counselor	2013	Ridley Scott	Thriller,Crime,Drama	crime,thriller,drama
raising-arizona-1987	Raising Arizona	1987	Joel Coen	Comedy,Crime	comedy,crime
burn-after-reading-2008	Burn After Reading	2008	Ethan Coen	Comedy,Drama	comedy,crime,drama
the-man-who-wasn-t-there-2001	The Man Who Wasn't There	2001	Joel Coen	Crime,Drama	crime,drama
predator-2-1990	Predator 2	1990	Stephen Hopkins	Sci-Fi,Action,Thriller	action,scifi,horror
alien3-1992	Alien³	1992	David Fincher	Sci-Fi,Action,Horror	scifi,horror,action
alien-resurrection-1997	Alien Resurrection	1997	Jean-Pierre Jeunet	Sci-Fi,Horror,Action	scifi,horror,action
robocop-2-1990	RoboCop 2	1990	Irvin Kershner	Action,Sci-Fi,Thriller	scifi,action,thriller
cliffhanger-1993	Cliffhanger	1993	Renny Harlin	Action,Adventure,Thriller	action,thriller
speed-2-cruise-control-1997	Speed 2: Cruise Control	1997	Jan de Bont	Action,Thriller	action,thriller
twister-1996	Twister	1996	Jan de Bont	Action,Adventure,Drama	action,thriller,drama
bad-boys-1995	Bad Boys	1995	Michael Bay	Action,Thriller,Crime,Comedy	action,comedy,thriller
bad-boys-ii-2003	Bad Boys II	2003	Michael Bay	Action,Crime,Comedy	action,comedy,crime
rush-hour-1998	Rush Hour	1998	Brett Ratner	Action,Comedy,Crime	action,comedy,crime
rush-hour-2-2001	Rush Hour 2	2001	Brett Ratner	Action,Comedy,Crime	action,comedy,crime
rush-hour-3-2007	Rush Hour 3	2007	Brett Ratner	Action,Comedy,Crime	action,comedy,crime
shanghai-noon-2000	Shanghai Noon	2000	Tom Dey	Adventure,Comedy,Western	action,comedy,western
shanghai-knights-2003	Shanghai Knights	2003	David Dobkin	Adventure,Comedy,Western	action,comedy,western
kick-ass-2-2013	Kick-Ass 2	2013	Jeff Wadlow	Action,Adventure,Crime	action,comedy,crime
john-wick-chapter-4-2023	John Wick: Chapter 4	2023	Chad Stahelski	Action,Thriller,Crime	action,thriller,crime
the-raid-2-2014	The Raid 2	2014	Gareth Evans	Action,Crime,Thriller	action,thriller,crime
crank-2006	Crank	2006	Brian Taylor	Action,Thriller,Crime	action,thriller,crime
crank-high-voltage-2009	Crank: High Voltage	2009	Mark Neveldine	Action,Thriller,Crime	action,thriller,crime
shoot-em-up-2007	Shoot 'Em Up	2007	Michael Davis	Action,Thriller,Comedy,Crime	action,comedy,thriller
wanted-2008	Wanted	2008	Timur Bekmambetov	Action,Thriller,Crime	action,thriller,crime
hanna-2011	Hanna	2011	Joe Wright	Action,Thriller,Adventure	action,thriller
atomic-blonde-2017	Atomic Blonde	2017	David Leitch	Action,Thriller	action,thriller
nobody-2021	Nobody	2021	Ilya Naishuller	Action,Thriller	action,thriller,comedy
the-beekeeper-2024	The Beekeeper	2024	David Ayer	Action,Crime,Thriller	action,thriller,crime
extraction-2-2023	Extraction 2	2023	Sam Hargrave	Action,Thriller,Crime	action,thriller,crime
the-gray-man-2022	The Gray Man	2022	Joe Russo	Action,Thriller	action,thriller
bullet-train-2022	Bullet Train	2022	David Leitch	Action,Comedy,Thriller	action,comedy,thriller
the-marvels-2023	The Marvels	2023	Nia DaCosta	Sci-Fi,Adventure,Action	action,scifi
the-iron-claw-2023	The Iron Claw	2023	Sean Durkin	Drama,History	sports,drama
air-2023	Air	2023	Ben Affleck	Drama,History	sports,drama
nyad-2023	NYAD	2023	Jimmy Chin	Drama,History	sports,drama
king-richard-2021	King Richard	2021	Reinaldo Marcus Green	Drama,History	sports,drama
hustle-2022	Hustle	2022	Jeremiah Zagar	Drama,Comedy	sports,drama,comedy
next-goal-wins-2023	Next Goal Wins	2023	Taika Waititi	Comedy,Drama	sports,comedy,drama
champions-2023	Champions	2023	Bobby Farrelly	Comedy,Drama	sports,comedy,drama
gran-turismo-2023	Gran Turismo	2023	Neill Blomkamp	Adventure,Drama,Action	sports,drama,action
white-men-can-t-jump-2023	White Men Can't Jump	2023	Calmatic	Comedy,Drama	sports,comedy,drama
major-league-ii-1994	Major League II	1994	David S. Ward	Comedy	sports,comedy
the-rookie-2002	The Rookie	2002	John Lee Hancock	Drama,Family	sports,drama,family
fever-pitch-2005	Fever Pitch	2005	Bobby Farrelly	Romance,Comedy	sports,comedy,romance
radio-2003	Radio	2003	Michael Tollin	Drama	sports,drama
the-express-2008	The Express	2008	Gary Fleder	Drama	sports,drama
invincible-2006	Invincible	2006	Ericson Core	Drama,History	sports,drama
draft-day-2014	Draft Day	2014	Ivan Reitman	Drama	sports,drama
concussion-2015	Concussion	2015	Peter Landesman	Drama	sports,drama
caddyshack-ii-1988	Caddyshack II	1988	Allan Arkush	Comedy	comedy,sports
inside-llewyn-davis-2013	Inside Llewyn Davis	2013	Ethan Coen	Drama,Music	indie,drama,musical
a-serious-man-2009	A Serious Man	2009	Joel Coen	Comedy,Drama	comedy,drama,indie
hail-caesar-2016	Hail, Caesar!	2016	Joel Coen	Comedy,Mystery	comedy,indie,thriller
only-lovers-left-alive-2013	Only Lovers Left Alive	2013	Jim Jarmusch	Drama,Romance,Fantasy	indie,horror,romance
all-of-us-strangers-2023	All of Us Strangers	2023	Andrew Haigh	Romance,Drama,Fantasy	indie,romance,fantasy
may-december-2023	May December	2023	Todd Haynes	Drama	indie,drama
theater-camp-2023	Theater Camp	2023	Molly Gordon	Comedy	comedy,musical,indie
priscilla-2023	Priscilla	2023	Sofia Coppola	Drama,Romance	indie,drama,romance
the-sisters-brothers-2018	The Sisters Brothers	2018	Jacques Audiard	Western,Drama,Comedy	western,comedy,indie
passages-2023	Passages	2023	Ira Sachs	Romance,Drama	indie,drama,romance
how-to-have-sex-2023	How to Have Sex	2023	Molly Manning Walker	Drama	indie,drama
all-dirt-roads-taste-of-salt-2023	All Dirt Roads Taste of Salt	2023	Raven Jackson	Drama	indie,drama
